-- MySQL dump 10.13  Distrib 8.0.42, for Win64 (x86_64)
--
-- Host: mainline.proxy.rlwy.net    Database: railway
-- ------------------------------------------------------
-- Server version	9.4.0

/*!40101 SET @OLD_CHARACTER_SET_CLIENT=@@CHARACTER_SET_CLIENT */;
/*!40101 SET @OLD_CHARACTER_SET_RESULTS=@@CHARACTER_SET_RESULTS */;
/*!40101 SET @OLD_COLLATION_CONNECTION=@@COLLATION_CONNECTION */;
/*!50503 SET NAMES utf8 */;
/*!40103 SET @OLD_TIME_ZONE=@@TIME_ZONE */;
/*!40103 SET TIME_ZONE='+00:00' */;
/*!40014 SET @OLD_UNIQUE_CHECKS=@@UNIQUE_CHECKS, UNIQUE_CHECKS=0 */;
/*!40014 SET @OLD_FOREIGN_KEY_CHECKS=@@FOREIGN_KEY_CHECKS, FOREIGN_KEY_CHECKS=0 */;
/*!40101 SET @OLD_SQL_MODE=@@SQL_MODE, SQL_MODE='NO_AUTO_VALUE_ON_ZERO' */;
/*!40111 SET @OLD_SQL_NOTES=@@SQL_NOTES, SQL_NOTES=0 */;

--
-- Table structure for table `denuncias`
--

CREATE DATABASE railway2;
USE railway2;

DROP TABLE IF EXISTS `denuncias`;
/*!40101 SET @saved_cs_client     = @@character_set_client */;
/*!50503 SET character_set_client = utf8mb4 */;
CREATE TABLE `denuncias` (
  `den_id` int unsigned NOT NULL AUTO_INCREMENT,
  `den_usuario_id` int unsigned NOT NULL,
  `den_evento_id` int unsigned NOT NULL,
  `den_descricao` text NOT NULL,
  `den_status` enum('pendente','análise','resolvido') DEFAULT 'pendente',
  `den_data` timestamp NULL DEFAULT CURRENT_TIMESTAMP,
  PRIMARY KEY (`den_id`),
  KEY `den_usuario_id` (`den_usuario_id`),
  KEY `den_evento_id` (`den_evento_id`),
  CONSTRAINT `denuncias_ibfk_1` FOREIGN KEY (`den_usuario_id`) REFERENCES `usuarios` (`usu_id`),
  CONSTRAINT `denuncias_ibfk_2` FOREIGN KEY (`den_evento_id`) REFERENCES `eventos` (`evento_id`)
) ENGINE=InnoDB AUTO_INCREMENT=2 DEFAULT CHARSET=utf8mb4 COLLATE=utf8mb4_0900_ai_ci;
/*!40101 SET character_set_client = @saved_cs_client */;

--
-- Dumping data for table `denuncias`
--

LOCK TABLES `denuncias` WRITE;
/*!40000 ALTER TABLE `denuncias` DISABLE KEYS */;
INSERT INTO `denuncias` VALUES (1,6,6,'feio','pendente','2025-10-15 15:03:48');
/*!40000 ALTER TABLE `denuncias` ENABLE KEYS */;
UNLOCK TABLES;

--
-- Table structure for table `esportes`
--

DROP TABLE IF EXISTS `esportes`;
/*!40101 SET @saved_cs_client     = @@character_set_client */;
/*!50503 SET character_set_client = utf8mb4 */;
CREATE TABLE `esportes` (
  `esporte_id` int unsigned NOT NULL AUTO_INCREMENT,
  `esporte_nome` varchar(70) NOT NULL,
  `esporte_foto` varchar(255) NOT NULL,
  `esporte_banner` varchar(255) NOT NULL,
  PRIMARY KEY (`esporte_id`),
  UNIQUE KEY `esporte_nome` (`esporte_nome`)
) ENGINE=InnoDB AUTO_INCREMENT=12 DEFAULT CHARSET=utf8mb4 COLLATE=utf8mb4_0900_ai_ci;
/*!40101 SET character_set_client = @saved_cs_client */;

--
-- Dumping data for table `esportes`
--

LOCK TABLES `esportes` WRITE;
/*!40000 ALTER TABLE `esportes` DISABLE KEYS */;
INSERT INTO `esportes` VALUES (1,'Futebol','imagens/esportes/futebol_foto.png','imagens/esportes/futebol_banner.png'),(2,'Natação','imagens/esportes/natacao_foto.png','imagens/esportes/natacao_banner.png'),(3,'Handball','imagens/esportes/foto-1760452699398.png','imagens/esportes/foto2-1760452699398.jpg'),(4,'Corrida','imagens/esportes/foto-1760452748006.png','imagens/esportes/foto2-1760452748007.jpg'),(5,'Ciclismo','imagens/esportes/foto-1760452794965.png','imagens/esportes/foto2-1760452794965.jpg'),(6,'Vôlei','imagens/esportes/foto-1760452952586.png','imagens/esportes/foto2-1760452952586.jpg'),(7,'Surf','imagens/esportes/foto-1760453242020.png','imagens/esportes/foto2-1760453242021.jpg'),(8,'Skate','imagens/esportes/foto-1760453289962.png','imagens/esportes/foto2-1760453289962.jpg'),(9,'Basquete','imagens/esportes/foto-1760453347470.png','imagens/esportes/foto2-1760453347470.jpg'),(10,'Capoeira','imagens/esportes/foto-1760453574776.png','imagens/esportes/foto2-1760453574776.jpg'),(11,'Ping Pong','imagens/esportes/foto-1760462340678.png','imagens/esportes/foto2-1760462340678.jpg');
/*!40000 ALTER TABLE `esportes` ENABLE KEYS */;
UNLOCK TABLES;

--
-- Table structure for table `eventos`
--

DROP TABLE IF EXISTS `eventos`;
/*!40101 SET @saved_cs_client     = @@character_set_client */;
/*!50503 SET character_set_client = utf8mb4 */;
CREATE TABLE `eventos` (
  `evento_id` int unsigned NOT NULL AUTO_INCREMENT,
  `usuario_id` int unsigned NOT NULL,
  `esporte_id` int unsigned NOT NULL,
  `evento_nome` varchar(150) NOT NULL,
  `evento_foto` varchar(255) NOT NULL,
  `evento_data_publicacao` datetime NOT NULL,
  `evento_data_hora` datetime NOT NULL,
  `evento_descricao` varchar(5000) NOT NULL,
  `evento_endereco_cep` char(8) NOT NULL,
  `evento_endereco_rua` varchar(200) NOT NULL,
  `evento_endereco_numero` char(4) NOT NULL,
  `evento_endereco_complemento` varchar(255) DEFAULT NULL,
  `evento_endereco_uf` char(2) NOT NULL,
  `evento_endereco_cidade` varchar(30) NOT NULL,
  `evento_ativo` tinyint(1) DEFAULT '1',
  PRIMARY KEY (`evento_id`),
  KEY `usuario_id` (`usuario_id`),
  KEY `esporte_id` (`esporte_id`),
  CONSTRAINT `eventos_ibfk_1` FOREIGN KEY (`usuario_id`) REFERENCES `usuarios` (`usu_id`),
  CONSTRAINT `eventos_ibfk_2` FOREIGN KEY (`esporte_id`) REFERENCES `esportes` (`esporte_id`)
) ENGINE=InnoDB AUTO_INCREMENT=32 DEFAULT CHARSET=utf8mb4 COLLATE=utf8mb4_0900_ai_ci;
/*!40101 SET character_set_client = @saved_cs_client */;

--
-- Dumping data for table `eventos`
--

LOCK TABLES `eventos` WRITE;
/*!40000 ALTER TABLE `eventos` DISABLE KEYS */;
INSERT INTO `eventos` VALUES (1,1,1,'Campeonato de Futebol 1','imagens/esportes/futebol_banner.png','2025-09-23 12:00:00','2025-09-23 13:00:00','<h1>Grande Clássico de Futebol 2025</h1><p>Evento 1 descrição</p>','06412090','110','Quadra','SP','Barueri',0),(2,1,1,'Campeonato de Futebol 2','imagens/esportes/futebol_banner.png','2025-09-24 12:00:00','2031-10-12 16:00:00','<h1>Grande Clássico de Futebol 2025</h1><p>Evento 2 descrição</p>','06412090','110','Quadra','SP','Barueri',0),(3,1,1,'Campeonato de Futebol 3','imagens/esportes/futebol_banner.png','2025-09-25 12:00:00','2031-10-12 16:00:00','<h1>Grande Clássico de Futebol 2025</h1><p>Evento 3 descrição</p>','06412090','110','Quadra','SP','Barueri',0),(4,1,1,'Campeonato de Futebol 4','imagens/esportes/futebol_banner.png','2025-09-26 12:00:00','2031-10-12 16:00:00','<h1>Grande Clássico de Futebol 2025</h1><p>Evento 4 descrição</p>','06412090','110','Quadra','SP','Barueri',0),(5,1,1,'Campeonato de Futebol 5','imagens/esportes/futebol_banner.png','2025-09-27 12:00:00','2031-10-12 16:00:00','<h1>Grande Clássico de Futebol 2025</h1><p>Evento 5 descrição</p>','06412090','110','Quadra','SP','Barueri',0),(6,4,4,'PagoRun - Villa Lobos','imagens/evento/foto-1760463754672.jpg','2025-10-14 17:38:35','2025-11-02 07:00:00','<h3><strong style=\"background-color: transparent;\">PAGO RUN</strong></h3><p>A PAGO RUN é uma corrida de rua que acontecerá no domingo,&nbsp;<strong style=\"background-color: transparent;\">02 de novembro de 2025</strong>, no&nbsp;<strong style=\"background-color: transparent;\">Parque Villa Lobos - Espaço VL14, em São Paulo/SP</strong>. O evento contará com percursos de&nbsp;<strong style=\"background-color: transparent;\">5 km</strong>&nbsp;e&nbsp;<strong style=\"background-color: transparent;\">10 km</strong>, com largadas em horários diferentes para as duas modalidades.</p><p>Após a corrida, teremos ativações e um show do Pagode de Chuvisco em uma área reservada dentro do parque.</p><h3><span style=\"background-color: white;\">Percursos e Horários</span></h3><p>A prova terá duas modalidades, cada uma com sua bateria:</p><ul><li><strong style=\"background-color: transparent;\">FAST RUN 10K:</strong>&nbsp;Corrida competitiva e cronometrada de 10 km.</li><li class=\"ql-indent-1\"><strong style=\"background-color: transparent;\">Largada:</strong>&nbsp;7h00</li><li><strong style=\"background-color: transparent;\">RUN FOR FUN 5K:</strong>&nbsp;Corrida competitiva e cronometrada de 5 km.</li><li class=\"ql-indent-1\"><strong style=\"background-color: transparent;\">Largada:</strong>&nbsp;8h00</li></ul><p>O aquecimento na arena do evento está programado para as 6h45 (10K) e 7h45 (5K).</p><h3>Categorias e Premiação</h3><p>A PAGO RUN é disputada nas categorias&nbsp;<strong style=\"background-color: transparent;\">Individual Geral Masculino</strong>&nbsp;e&nbsp;<strong style=\"background-color: transparent;\">Individual Geral Feminino</strong>.</p><p>Os&nbsp;<strong style=\"background-color: transparent;\">três primeiros colocados</strong>&nbsp;de cada modalidade (5K e 10K), no masculino e feminino, receberão um troféu especial. Todos os atletas que completarem o percurso receberão uma&nbsp;<strong style=\"background-color: transparent;\">medalha de participação</strong>.</p><h3>Sobre o Kit</h3><ul><li>Número de peito e chip descartável</li><li>Camiseta do evento</li><li>Sacochila</li><li>Meia personalizada</li><li>Medalha de participação (entregue ao concluir o percurso)</li><li>Copo do evento</li></ul><p>A escolha do tamanho ou cor de itens como a camiseta é uma cortesia e está sujeita à disponibilidade no estoque.</p><h3>Retirada de Kits</h3><p>A retirada dos kits será realizada em local, datas e horários a serem divulgados no site do evento. É&nbsp;<strong style=\"background-color: transparent;\">obrigatório</strong>&nbsp;retirar o kit neste período, pois&nbsp;<strong style=\"background-color: transparent;\">não haverá entrega de kits no dia do evento ou após sua realização</strong>. O participante que não retirar o kit ficará impedido de participar da prova e não terá direito a reembolso.</p><h3>Inscrições e Valores</h3><p>As inscrições são feitas exclusivamente online pelo site.&nbsp;A idade mínima para participar é de&nbsp;&nbsp;<strong style=\"background-color: transparent;\">18 anos</strong><span style=\"background-color: transparent;\">.</span></p><p>Os valores variam de acordo com os lotes de inscrição.</p><p>O valor da inscrição não é reembolsável e não pode ser transferido para outro participante. Pessoas com 60 anos ou mais têm direito a um desconto de&nbsp;<strong style=\"background-color: transparent;\">50% sobre o valor do último lote.</strong></p><p>Para mais informações e para se inscrever, visite o site oficial do evento.</p><p><br></p><p><a href=\"https://drive.google.com/file/d/1woh3yOD_xLje9dotE68HZ6KbPLX2P5qz/view?usp=sharing\" target=\"_blank\" style=\"background-color: transparent;\">Clique aqui para ter acesso ao Regulamento</a></p><h3><br></h3><h3>Local</h3><h4>Parque Villa Lobos</h4><p>Avenida Professor Fonseca Rodrigues, 2001, Parque, Alto de Pinheiros</p><p>São Paulo, SP</p>','05317020','2001','Parque Villa Lobos','SP','São Paulo',1),(7,4,1,'Dom Cup 2025 Etapa Sorocaba','imagens/evento/foto-1760464321328.jpg','2025-10-14 17:52:01','2025-11-20 07:30:00','<p><strong style=\"background-color: transparent;\"><em>Dom Cup 2025 Etapa Sorocaba – Futebol &amp; Experiência</em></strong><em style=\"background-color: rgb(255, 255, 255);\">&nbsp;</em></p><p><strong style=\"background-color: transparent;\"><em>De 20 a 23 de novembro de 2025</em></strong></p><p class=\"ql-align-center\"><br></p><p><strong style=\"background-color: transparent;\"><em>CT do Atlético Sorocaba – Sorocaba/SP</em></strong></p><p><strong style=\"background-color: transparent;\"><em>Prepare-se para viver 4 dias de muito futebol, alegria e emoção no maior evento de futebol de base de Sorocaba!</em></strong></p><p>A Dom Cup Sorocaba vai reunir equipes de diferentes estados em uma verdadeira festa esportiva. Além dos jogos, o público terá acesso a uma experiência completa com:</p><p>Estrutura profissional de competição</p><p>Jogos diários com categorias de base</p><p>Praça de alimentação e áreas de convivência</p><p>Ambiente seguro e organizado</p><p><br></p><p>Diversão garantida para toda a família</p><p><strong style=\"background-color: transparent;\"><em>Ingressos e Valores</em></strong></p><p><strong style=\"background-color: transparent;\"><em><u>O ingresso dá acesso a 1 dia de evento (válido por dia):</u></em></strong></p><p><strong style=\"background-color: transparent;\">1º&nbsp;Lote (até 31/10/2025)</strong></p><p>Inteira: R$ 40,00</p><p><br></p><p>Meia: R$ 20,00 (estudantes, idosos, professores e&nbsp;<strong style=\"background-color: transparent;\">promocional&nbsp;</strong>com 1kg de alimento)</p><p><br></p><p><br></p><p><strong style=\"background-color: transparent;\">2º&nbsp;Lote (até 19/11/2025)</strong></p><p><span style=\"background-color: transparent;\">Inteira: R$ 60,00</span></p><p>Meia: R$ 30,00 (estudantes, idosos, professores e&nbsp;<strong style=\"background-color: transparent;\">promocional&nbsp;</strong>com 1kg de alimento)</p><p><br></p><p><strong style=\"background-color: transparent;\">3º&nbsp;Lote (somente na hora)</strong></p><p>Inteira: R$ 80,00</p><p><br></p><p>Meia: R$ 40,00 (estudantes, idosos, professores e&nbsp;<strong style=\"background-color: transparent;\">promocional&nbsp;</strong>com 1kg de alimento)</p><p><br></p><p><strong style=\"background-color: transparent;\"><em>Promoção solidária: leve 1kg de alimento não perecível e garanta a meia-entrada.</em></strong></p><p><strong style=\"background-color: transparent;\">Informações Importantes</strong></p><p><span style=\"background-color: transparent;\">O ingresso é válido por dia do evento.</span></p><p><span style=\"background-color: transparent;\">Será necessário apresentar documento de comprovação para quem adquirir meia-entrada legal.</span></p><p><span style=\"background-color: transparent;\">Crianças de até 3 anos não pagam (mediante documento).</span></p><p><span style=\"background-color: transparent;\">Os alimentos arrecadados serão destinados a instituições sociais da região.</span></p><p><strong style=\"background-color: transparent;\"><em>Garanta já seu ingresso antecipado e viva a emoção da Dom Cup Etapa Sorocaba 2025 de perto!</em></strong></p><p><br></p><p><br></p>','18052445','1711',' Clube Atlético Sorocaba','SP','Sorocaba',1),(8,4,5,'PEDAL DA AMIZADE ITU/SP 2025','imagens/evento/foto-1760464573854.jpg','2025-10-14 17:56:13','2025-10-26 07:00:00','<p>A&nbsp;<strong style=\"background-color: transparent;\">Organização do Pedal da Amizade Itu</strong>&nbsp;convida você, ciclista do bem, para participar desse evento solidário em prol dos&nbsp;<strong style=\"background-color: transparent;\">assistidos da APAE.&nbsp;</strong>Um encontro que reúne ciclistas de toda região em um grande dia de<strong style=\"background-color: transparent;\">&nbsp;esporte, amizade, superação e muita resenha!</strong></p><p><strong style=\"background-color: transparent;\">Local de concentração:&nbsp;</strong>APAE ITU/SP</p><p><strong style=\"background-color: transparent;\">DATA:</strong>&nbsp;26/10/2025</p><p><strong style=\"background-color: transparent;\">HORÁRIO:&nbsp;</strong>a partir das 7h00 - saída às 8h30</p><p><strong style=\"background-color: transparent;\">PERCURSO:&nbsp;</strong>&nbsp;50k, 30k, 15k</p><p>Café da manhã para os inscritos, medalha, carro de apoio, pontos de&nbsp;hidratação, seguro ciclista, praça de alimentação e sorteio de prêmios.</p><p>Venha pedalar, fazer o bem e viver momentos inesquecíveis!</p><p><strong style=\"background-color: transparent;\">&nbsp;OBRIGATÓRIO O USO DE CAPACETE E ITENS DE SEGURANÇA DURANTE TODO O PERCURSO.</strong></p><p><br></p><p><br></p>','13306730','253','APAE','SP','Itu',1),(9,4,4,'CORRIDA OUTUBRO ROSA','imagens/evento/foto-1760465157511.jpg','2025-10-14 18:05:57','2025-10-19 06:00:00','<p>A Corrida Outubro Rosa é uma ação que une saúde, esporte e solidariedade. Com o objetivo de reforçar a importância da prevenção e do diagnóstico precoce do câncer de mama, o evento reúne pessoas de todas as idades em um momento de conscientização e apoio à causa.</p><p><br></p><p>Mais do que uma corrida, é uma celebração à vida e à superação. Ao participar, você contribui para espalhar informação, apoiar mulheres em tratamento e fortalecer a luta contra o câncer de mama.</p><p>Participe. Mexa-se por você, por elas, por todos nós.</p><p><br></p><p>Data: 19 de Outubro de 2025</p><p>Local: Parque Bruno Covas, Pomar, Av. Guido Caloi, 252 - Entrada ao Parque Bruno Covas, no Pomar Urbano, ao lado do Atacadista Assaí, Ponte João dias.</p><p><br></p><p><br></p><p>Horário: 06h</p><p><br></p><p><strong style=\"background-color: transparent;\">PROGRAMAÇÃO</strong></p><p>06:00 hs Abertura da arena</p><p>06:20 hs Aquecimento corrida</p><p>06:30 hs Largada da corrida 5km</p><p>07:00 hs Premiação</p><p>07:30 hs Encerramento do evento</p><p><br></p><p>Kit Geral:</p><p>Garanta o seu kit geral por apenas R$49,99 (valor promocional). Nele, você receberá uma medalha exclusiva do evento e diversos brindes especiais. Aproveite essa oportunidade única!</p><p><br></p><p>Corra, pule, divirta-se e sinta a energia contagiante desse evento imperdível. Venha fazer parte dessa grande celebração do esporte e da superação!</p><p><br></p><p><br></p><p>* A organização se reserva no direito de alterar o horário da largada por motivos de quantidade de atletas, falta de energia, ou comunicação dos staff’s.</p><p><br></p><p>1.2 A Corrida e caminhada será nas distâncias de 5 quilômetros metros a ser percorrido por pessoas de ambos os sexos, devidamente inscritas e doravante denominados atletas.</p><p>1.3 O evento terá a largada as 06:30 horas no dia 19/10/2025.</p><p>1.3 As inscrições para participar do evento CORRIDA OUTUBRO ROSA, serão nos seguintes valores:</p><p><br></p><p>INSCRIÇÕES</p><p>Valores/tipos e itens de kit e lotes:</p><p><br></p><p>1 Lote</p><p>KIT GERAL (Número de peito, hidratação e Medalha) De 89,90 por apenas R$: 59,90</p><p>2 Lote</p><p>De R$: 109,99 por apenas R$: 69,90</p><p><br></p><p>1 Lote</p><p>KIT VIP ( Número de peito, hidratação, Medalha e Camiseta ) De 120,99 por apenas R$: 89,99</p><p>2 Lote</p><p>De R$: 139,99 por apenas R$: 99,99</p><p><br></p><p>Idade mínima: 14 anos</p><p><br></p><p><br></p><p>Tratativas de atendimento:</p><p>- Alteração de pedidos (categoria/tamanho de camisetas/titularidade): Até 15 dias antes da data original de encerramento do evento</p><p>- Reembolso após 7 dias de compra: entrar em contato com&nbsp;saudesports@hotmail.com</p><p><br></p><p><strong style=\"color: rgb(33, 37, 41); background-color: rgb(245, 247, 248);\">RETIRADA DE KIT</strong></p><p><span style=\"background-color: rgb(245, 247, 248); color: rgb(33, 37, 41);\">Data: 19 de Outubro</span></p><p><span style=\"background-color: rgb(245, 247, 248); color: rgb(33, 37, 41);\">Local: Próximo a largada, das 06:00h até as 06:30h - Arena Bruno Covas</span></p><p><span style=\"background-color: rgb(245, 247, 248); color: rgb(33, 37, 41);\">Regras (documentos necessários e retirada de kit por equipes/terceiros):</span></p><p><br></p><p><span style=\"background-color: rgb(245, 247, 248); color: rgb(33, 37, 41);\">Documento com foto;</span></p><p><span style=\"background-color: rgb(245, 247, 248); color: rgb(33, 37, 41);\">Protocolo de inscrição.</span></p><p><br></p><p><br></p><p><strong style=\"color: rgb(33, 37, 41); background-color: rgb(245, 247, 248);\">PREMIAÇÃO</strong></p><p><strong style=\"color: rgb(33, 37, 41); background-color: rgb(245, 247, 248);\">PREMIAÇÃO DA CORRIDA</strong></p><p><br></p><p><span style=\"background-color: rgb(245, 247, 248); color: rgb(33, 37, 41);\">Pódio Geral :</span></p><p><span style=\"background-color: rgb(245, 247, 248); color: rgb(33, 37, 41);\">( Masculino e Feminino) ( 1º ao 10º lugar )</span></p><p><br></p><p><span style=\"background-color: rgb(245, 247, 248); color: rgb(33, 37, 41);\">• 1º colocado(a): Troféu, e brindes exclusivos.</span></p><p><span style=\"background-color: rgb(245, 247, 248); color: rgb(33, 37, 41);\">• 2º Colocado(a): Troféu e brindes.</span></p><p><span style=\"background-color: rgb(245, 247, 248); color: rgb(33, 37, 41);\">• 3º Colocado(a): Troféu e brindes.</span></p><p><span style=\"background-color: rgb(245, 247, 248); color: rgb(33, 37, 41);\">• 4º colocado(a): Troféu e brindes.</span></p><p><span style=\"background-color: rgb(245, 247, 248); color: rgb(33, 37, 41);\">• 5º Colocado(a): Troféu e brindes</span></p><p><span style=\"background-color: rgb(245, 247, 248); color: rgb(33, 37, 41);\">• 10º Colocados.</span></p>','05802140','252','Entrada ao Parque','SP','São Paulo',1),(10,4,4,'5ª NIGHT RUN PINHEIROS','imagens/evento/foto-1760465465719.png','2025-10-14 18:13:08','2025-11-29 16:00:00','<p>A Corrida NIGHT RUN Pinheiros é mais que uma corrida — é uma experiência única sob as estrelas! Prepare-se para viver uma noite de pura adrenalina e emoção, correndo pelas ruas iluminadas da cidade, onde cada passo será guiado pela energia das luzes e o ritmo do seu coração.</p><p><br></p><p>Data: 29 de Novembro de 2025</p><p>Local: Parque Bruno Covas, Pomar, Av. Guido Caloi, 252 - Entrada ao Parque Bruno Covas, no Pomar Urbano, ao lado do Atacadista Assaí, Ponte João dias.</p><p>Horário: 17h</p><p><br></p><p>PROGRAMAÇÃO</p><p><br></p><p>16:00 hs Abertura da arena</p><p>16:20 hs Aquecimento corrida</p><p>17:00 hs Largada da corrida 5km</p><p>18:00 hs Premiação</p><p>18:30 hs Encerramento do evento</p><p><br></p><p>Kit Geral:</p><p>Garanta o seu kit geral por apenas R$69,99 (valor promocional). Nele, você receberá uma medalha exclusiva do evento e diversos brindes especiais. Aproveite essa oportunidade única!</p><p><br></p><p>Corra, pule, divirta-se e sinta a energia contagiante desse evento imperdível. Venha fazer parte dessa grande celebração do esporte e da superação!</p><p><br></p><p><br></p><p>* A organização se reserva no direito de alterar o horário da largada por motivos de quantidade de atletas, falta de energia, ou comunicação dos staff’s.</p><p><br></p><p>1.2 A Corrida e caminhada será nas distâncias de 5 quilômetros metros a ser percorrido por pessoas de ambos os sexos, devidamente inscritas e doravante denominados atletas.</p><p>1.3 O evento terá a largada as 17:00 horas no dia 29/11/2025.</p><p>1.3 As inscrições para participar do evento CORRIDA NIGHT RUN PINHEIROS, serão nos seguintes valores:</p><p><br></p><p>INSCRIÇÕES</p><p>Valores/tipos e itens de kit e lotes:</p><p><br></p><p>1 Lote</p><p>KIT GERAL (Número de peito, hidratação e Medalha) De 99,90 por apenas R$: 59,90</p><p>2 Lote</p><p>De R$: 119,99 por apenas R$: 69,90</p><p><br></p><p>1 Lote</p><p>KIT VIP ( Número de peito, hidratação, Medalha e Camiseta ) De 120,99 por apenas R$: 89,99</p><p>2 Lote</p><p>De R$: 139,99 por apenas R$: 99,99</p><p><br></p><p>Tratativas de atendimento:</p><p>- Alteração de pedidos (categoria/tamanho de camisetas/titularidade): Até 15 dias antes da data original de encerramento do evento</p><p>- Reembolso após 7 dias de compra: entrar em contato com&nbsp;saudesports@hotmail.com</p><p><br></p><p>RETIRADA DE KIT</p><p>Data: 29 de Novembro</p><p>Local: Próximo a largada, das 16:30h até as 17:00h - Arena Bruno Covas Pomar</p><p><br></p><p>Regras (documentos necessários e retirada de kit por equipes/terceiros):</p><p><br></p><p>Documento com foto;</p><p>Protocolo de inscrição.</p><p><br></p><p>PREMIAÇÃO</p><p>PREMIAÇÃO DA CORRIDA</p><p><br></p><p>Pódio Geral :</p><p>( Masculino e Feminino) ( 1º ao 5º lugar )</p><p>• 1º colocado(a): Troféu, e brindes exclusivos.</p><p>• 2º Colocado(a): Troféu e brindes.</p><p>• 3º Colocado(a): Troféu e brindes.</p><p>• 4º colocado(a): Troféu e brindes.</p><p>• 5º Colocado(a): Troféu e brindes</p>','05802140','252','Pomar Urbano','SP','São Paulo',1),(11,4,4,'CORRIDA NOVEMBRO AZUL','imagens/evento/foto-1760465878614.png','2025-10-14 18:17:58','2025-11-02 06:00:00','<p>Além da corrida, teremos ações de orientação sobre prevenção, exames de rotina e dicas para uma vida mais saudável.</p><p>Mais do que uma corrida, este é um movimento. Ao calçar o tênis e vestir a camisa azul, você estará ajudando a espalhar uma mensagem importante: cuidar da saúde também é coisa de homem.</p><p>Novembro é o mês dedicado à conscientização sobre a saúde masculina, em especial à prevenção e diagnóstico precoce do câncer de próstata. E para marcar essa luta, convidamos você a participar da Corrida Novembro Azul — um evento que une esporte, saúde e solidariedade.</p><p>Corrida Novembro Azul – Correndo pela Vida</p><p><br></p><p><br></p><p><span style=\"background-color: transparent;\">NOVIDADE</span></p><p>PREMIAÇÃO TOP 10, MASCULINO E FEMININO</p><p><br></p><p><br></p><p>Data: 02 de Novembro de 2025</p><p><span style=\"background-color: transparent;\">Local:</span>&nbsp;Parque Bruno Covas, Pomar, Av. Guido Caloi, 252 - Entrada ao Parque Bruno Covas, no Pomar Urbano, ao lado do Atacadista Assaí, Ponte João dias.</p><p><br></p><p><br></p><p><br></p><p>Horário: 06h</p><p><br></p><p><span style=\"background-color: transparent;\">PROGRAMAÇÃO</span></p><p>06:00 hs Abertura da arena</p><p>07:20 hs Aquecimento corrida</p><p>07:30 hs Largada da corrida 5km</p><p>08:00 hs Premiação</p><p>08:30 hs Encerramento do evento</p><p><br></p><p>Kit Geral:</p><p>Garanta o seu kit geral por apenas R$49,99 (valor promocional). Nele, você receberá uma medalha exclusiva do evento e diversos brindes especiais. Aproveite essa oportunidade única!</p><p><br></p><p>Corra, pule, divirta-se e sinta a energia contagiante desse evento imperdível. Venha fazer parte dessa grande celebração do esporte e da superação!</p><p><br></p><p><br></p><p>* A organização se reserva no direito de alterar o horário da largada por motivos de quantidade de atletas, falta de energia, ou comunicação dos staff’s.</p><p><br></p><p>1.2 A Corrida e caminhada será nas distâncias de 5 quilômetros metros a ser percorrido por pessoas de ambos os sexos, devidamente inscritas e doravante denominados atletas.</p><p>1.3 O evento terá a largada as 07:30 horas no dia 02/11/2025.</p><p>1.3 As inscrições para participar do evento CORRIDA NOVEMBRO AZUL, serão nos seguintes valores:</p><p><br></p><p>INSCRIÇÕES</p><p>Valores/tipos e itens de kit e lotes:</p><p><br></p><p>1 Lote</p><p>KIT GERAL (Número de peito, hidratação e Medalha) De 89,90 por apenas R$: 59,90</p><p>2 Lote</p><p>De R$: 109,99 por apenas R$: 69,90</p><p><br></p><p>1 Lote</p><p>KIT VIP ( Número de peito, hidratação, Medalha e Camiseta ) De 120,99 por apenas R$: 89,99</p><p>2 Lote</p><p>De R$: 139,99 por apenas R$: 99,99</p><p><br></p><p>Idade mínima: 14 anos</p><p><br></p><p>Descontos</p><p>Desconto de idoso: 50% de desconto automático na inscrição</p><p><br></p><p>Tratativas de atendimento:</p><p>- Alteração de pedidos (categoria/tamanho de camisetas/titularidade): Até 15 dias antes da data original de encerramento do evento</p><p>- Reembolso após 7 dias de compra: entrar em contato com&nbsp;saudesports@hotmail.com</p><p><br></p><p><br></p><p><span style=\"background-color: transparent;\">RETIRADA DE KIT</span></p><p>Data: 02 de Novembro</p><p>Local: Próximo a largada, das 07:00h até as 07:30h - Arena Parque Anhanguera</p><p><br></p><p>Regras (documentos necessários e retirada de kit por equipes/terceiros):</p><p><br></p><p>Documento com foto;</p><p>Protocolo de inscrição.</p><p><br></p><p><br></p><p><span style=\"background-color: transparent;\">PREMIAÇÃO</span></p><p><span style=\"background-color: transparent;\">PREMIAÇÃO DA CORRIDA</span></p><p><br></p><p>Pódio Geral :</p><p>( Masculino e Feminino)</p><p>( 1º ao 30º lugar )</p><p>• 1º colocado(a): Troféu, e brindes exclusivos.</p><p>• 2º Colocado(a): Troféu e brindes.</p><p>• 3º Colocado(a): Troféu e brindes.</p><p>• 4º colocado(a): Troféu e brindes.</p><p>• 5º Colocado(a): Troféu e brindes</p><p>• 30º Colocados.</p>','05802140','252','Pomar Urbano','SP','São Paulo',1),(12,1,4,'Corre no Light - Outubro','imagens/evento/foto-1760466432939.png','2025-10-14 18:27:13','2025-10-29 20:30:00','<ul><li><strong style=\"background-color: transparent;\">O Corre no Light é um treinão de corrida onde você encontra conexão, comunidade, muita dança e animação.</strong></li><li><strong style=\"background-color: transparent;\">Data: 11/10 (sábado de manhã)&nbsp;CORRE OUTUBRO ROSA</strong></li><li><strong style=\"background-color: transparent;\">Concentração: 07h30</strong></li><li><strong style=\"background-color: transparent;\">Saída: 08h30</strong></li><li><strong style=\"background-color: transparent;\">Ponto de encontro:&nbsp;</strong><strong style=\"background-color: rgb(255, 255, 255); color: rgb(31, 31, 31);\">R. Cel. Xavier de Toledo, 23 - República</strong><strong style=\"background-color: transparent;\">&nbsp;(Piso Térreo) QUANTOS KM?</strong></li><li><span style=\"background-color: transparent;\">3 km (percurso único) – saída às 08h30</span></li><li><span style=\"background-color: transparent;\">Nesse dia teremos&nbsp;ativações com SESC Galeria, Instituto amor rosa e ao final um Aulão de Fit Dance com a Smart Fit.&nbsp;&nbsp;&nbsp;</span></li><li><br></li><li><span style=\"background-color: transparent;\">Data: 29/10 (quarta a noite) -&nbsp;CORRE DE HALLOWEEN | Venha fantasiado</span></li><li><span style=\"background-color: transparent;\">Concentração: 19h30</span></li><li><span style=\"background-color: transparent;\">Saída: 20h30</span></li><li><span style=\"background-color: transparent;\">Ponto de encontro:&nbsp;</span><strong style=\"background-color: rgb(255, 255, 255); color: rgb(31, 31, 31);\">R. Cel. Xavier de Toledo, 23 - República</strong><strong style=\"background-color: transparent;\">&nbsp;(Piso Térreo) QUANTOS KM?</strong></li><li><br></li><li><span style=\"background-color: transparent;\">3 km (percurso único) – saída às 20h30</span></li><li><br></li><li><span style=\"background-color: transparent;\">INFORMAÇÕES IMPORTANTES:</span></li><li><span style=\"background-color: transparent;\">Os dados coletados serão armazenados para futuras ações e campanhas do Shopping Light e Vem com Nóis;</span></li><li><span style=\"background-color: transparent;\">Para participar de todas as atividades, é necessário apresentar o comprovante de inscrição no dia do evento;</span></li><li><span style=\"background-color: transparent;\">Não nos responsabilizamos por pertences pessoais dos participantes;</span></li><li><span style=\"background-color: transparent;\">Leia atentamente os Termos de Responsabilidade antes da prova;</span></li><li><span style=\"background-color: transparent;\">Ao retornar do percurso, não retire a pulseira de identificação – usaremos o número da pulseira para o sorteio especial de prêmios aos pais presentes no final do evento.</span></li></ul><p><br></p>','01048100','23','Acesso Oboticário','SP','São Paulo',1),(13,1,3,'Handebol | Super Paulistão 2025 | Adulto F | ECP x São Caetano','imagens/evento/foto-1760466650862.png','2025-10-14 18:30:50','2025-11-14 20:30:00','<p><strong style=\"background-color: transparent;\">Super Paulistão de Handebol 2025 - Adulto Feminino</strong></p><p><br></p><p><span style=\"background-color: transparent;\">20h30 - EC Pinheiros x São Caetano</span></p><p><br></p><p><strong style=\"background-color: transparent;\">Local: Ginásio de Handebol</strong></p><p><br></p><p><u style=\"background-color: transparent;\">CONDIÇÕES DE ACESSO</u></p><p><br></p><p>ENTRADA:</p><p>. A entrada da equipe adversária é liberada com 2 horas de antecedência do jogo</p><p>. A entrada da arbitragem é liberada com 2 horas de antecedência do jogo</p><p>. A entrada do torcedor é liberada com 1 hora de antecedência do jogo</p><p>. Apresentar documento com foto</p><p>. Registrar foto do rosto no acesso (condição de segurança para o para o evento)</p><p>. Apresentar, na entrada e saída do Clube, o ingresso adquirido</p><p><br></p><p>SAÍDA:</p><ul><li><br></li><li><span style=\"background-color: transparent;\">Os torcedores deverão sair do Clube pela Portaria da Escolinha e fazer o check-out dentro do período de até 1 hora após o término oficial do evento</span></li></ul><p><strong style=\"background-color: transparent;\">Observação: O torcedor deve sair pela mesma portaria que ingressou</strong></p><ul><li><span style=\"background-color: transparent;\">Qualquer ato indisciplinar será registrado e implicará no próximo acesso ao Clube</span></li><li>Apresentar, na saída do Clube, o ingresso emitido</li></ul><p><br></p><p>IMPORTANTE!</p><p>O TORCEDOR ESTÁ SUJEITO AO BLOQUEIO DE ACESSO QUANDO TIVER DESCUMPRIDO&nbsp;<span style=\"background-color: transparent;\">AS REGRAS IMPOSTAS PELO ESPORTE CLUBE PINHEIROS, ASSIM COMO QUANDO O&nbsp;EVENTO TIVER ALCANÇADO A CAPACIDADE MAXÍMA DE PÚBLICO</span></p><p><br></p><p>- Para eventos internacionais, poderá ocorrer o compartilhamento de dados com as entidades internacionais organizadoras do evento, em conformidade com a legislação local e com a Declaração de Privacidade do Clube.</p><p><br></p><p>Ao aceitar esse itens, você está ciente e de acordo com a&nbsp;<a href=\"https://www.ecp.org.br/wp-content/uploads/2021/10/176501_DECLARACAO-DE-PRIVACIDADE-DO-ECP_V4.pdf\" target=\"_blank\" style=\"background-color: rgb(255, 255, 255);\">Declaração de Privacidade do&nbsp;Esporte Clube Pinheiros</a><span style=\"background-color: transparent;\">&nbsp;e demais regras do ECP, aqui descritas.</span></p>','01455070','667','Portaria da Escolinha','SP','São Paulo',1),(14,5,1,'SLS SELECT SERIES FLORIANÓPOLIS - SELETC\'S - 2025 - AM','imagens/evento/foto-1760467292410.png','2025-10-14 18:41:32','2025-10-31 09:00:00','<p>O SLS SELECT SERIES FLORIANÓPOLIS 2025 será exclusivo para CONVIDADOS da Street League Skateboarding ou CBSk.</p><p>Para se inscrever, todos os skatistas precisam estar devidamente cadastrados e com filiação aprovada na plataforma:&nbsp;</p><p>ww<a href=\"https://www.filiados.cbsk.com.br/\" target=\"_blank\" style=\"color: rgb(8, 58, 131);\">w.filiados.cbsk.com.br</a></p><p><br></p><p>As inscrições deverão ser realizadas, prévia e exclusivamente online, com data de início em 08 de outubro e término em 17 de outubro de 2025, através do site da CBSk.</p><p>Não serão realizadas inscrições presenciais ou no dia do evento, apenas confirmação de presença (check-in) e distribuição de credenciais/pulseiras.</p><p><br></p><p>Categorias, vagas e valor de inscrição:</p><ul><li>Feminino Open – 19 vagas – Gratuita</li><li>Masculino Open – 29 vagas - Gratuita</li><li><br></li><li>Datas:&nbsp;</li><li>31 de outubro a 02 de novembro de 2025</li><li>Local:&nbsp;Pista de Skateboard da Trindade – Trinda Times - Av. Prof. Henrique da Silva Fontes, nº 3.863, Trindade, Florianópolis&nbsp;(SC)</li><li>Informações:</li><li>esporte@cbsk.c<a href=\"mailto:esporte@cbsk.com.br\" target=\"_blank\" style=\"color: rgb(8, 58, 131);\">om.br</a></li></ul><p><br></p><ul><li>+55 (11)&nbsp;91739-3542</li><li><br></li><li>Credenciamento e Check-in: será feito no local, a partir das 09h00.</li><li><br></li><li>Cronograma:</li><li>Sexta: 31 de outubro de 2025 – Credenciamento, Treinos Oficiais Select Series, Trials Masculino e Feminino</li><li>Sábado ou Domingo</li></ul><p>*</p><ul><li>: 01 ou 02 de novembro de 2025&nbsp;– Qualifying Select Series e Finais Select Series Feminino e Masculino</li><li><br></li><li>(</li></ul><p>*</p><ul><li>devido a previsão de chuvas, as disputas programadas para o sábado (01/11) podem acontecer até domingo (02/11))</li></ul>','88036700','3','Pista de Skateboard da Trindade – Trinda Times','SC','Florianópolis',1),(15,1,2,'ULTRA BM 2025','imagens/evento/foto-1760469419774.png','2025-10-14 19:16:59','2025-10-18 06:00:00','<p><strong>ULTRA BM 2025 – A LENDA COMEÇA. OS LIMITES TERMINAM.</strong></p><p><br></p><p>A natureza não dá trégua. O percurso não perdoa. E apenas os mais fortes cruzam a linha de chegada.</p><p>A Ultra BM 2025 é mais do que uma corrida. É um teste de resistência, superação e coragem, onde cada quilômetro vencido é uma prova de que você pertence à elite dos atletas mais impiedosos do Brasil.</p><p><br></p><p>No dia&nbsp;<strong>18 de outubro</strong>, você enfrentará um dos desafios mais brutais do cenário esportivo nacional, onde areia, as trilhas e as estradas se unem para testar seus limites. Cada passo exigirá estratégia, força e determinação. O cenário é implacável, e a conquista, inesquecível.</p><p><br></p><p><strong>75Km Ultra</strong></p><p>O desafio épico para corredores sem limites.</p><p><br></p><p><strong>38.8Km Desafio</strong></p><p>A consagração para se tornar um Ultra.</p><p><br></p><p><strong>75Km Revezamento</strong></p><p>Trios / Sextetos / Octetos</p><p>Convoque seu time para se divertir e se desafiar na Ultra de Revezamento Mais Bonita do País.</p><p><br></p><p><strong>Kit Econômico:&nbsp;</strong>Formado por número de peito, copo, chip de cronometragem e medalha pós prova;</p><p><br></p><p><strong>Kit BM:</strong>&nbsp;Formado por camiseta, sacola, copo, chip de cronometragem, número de peito e medalha pós prova;</p><p><br></p><p><strong>Kit Premium:&nbsp;</strong>Formado por camiseta, sacola, corta-vento, bandana, chip de cronometragem, número de peito e medalha pós prova.</p><p><br></p><p>A medalha será entregue apenas no dia do evento e para os atletas que concluírem a distância da prova, dentro do tempo limite, escolhida no momento da inscrição na prova.</p><p><br></p><p><span style=\"background-color: rgb(255, 255, 255); color: rgba(0, 0, 0, 0.87);\">Para acessar o regulamento completo,</span></p><p><a href=\"https://cdn.ticketsports.com.br/ticketagora/arquivos/evento/71254/c42d3f3aa0fa4795bff31c0c169544bf638960370362082804.pdf\" target=\"_blank\" style=\"background-color: rgb(255, 255, 255); color: rgba(255, 111, 0, 0.87);\"><u>CLIQUE AQUI:</u>&nbsp;</a></p><p><br></p><p><span style=\"background-color: rgb(255, 255, 255); color: rgb(33, 37, 41);\">Mais informações no site:&nbsp;</span><a href=\"https://ultrabm.com.br/\" target=\"_blank\" style=\"background-color: rgb(255, 255, 255); color: rgb(0, 153, 255);\">https://ultrabm.com.br/</a></p><p><br></p><p><br></p><p><br></p>','03185010','202','','SP','São Paulo',1),(16,1,8,'X TREME LEAGUE 2025 – O HOTSPOT DA SUPER FINAL PAULISTA','imagens/evento/foto-1760469877109.jpg','2025-10-14 19:26:06','2025-11-09 09:00:00','<p><span style=\"background-color: rgb(252, 252, 252); color: rgb(102, 102, 102);\">&nbsp;Prepare-se! Nos dias *09 a 12 de outubro, o **Morro das 7 Curvas – Águas de Lindóia/SP* vai se transformar no palco da *Super Final Paulista*.</span></p><p><br></p><p><br></p><p><br></p><p><span style=\"background-color: rgb(252, 252, 252); color: rgb(102, 102, 102);\">&nbsp;Ali será decidido quem conquista pontos preciosos, como vai ficar o ranking final e quem vai escrever seu nome na história!</span></p><p><br></p><p><span style=\"background-color: rgb(252, 252, 252); color: rgb(102, 102, 102);\">Fique ligado porque vamos disponibilizar como se encontra a pontuação dos atletas.</span></p><p><br></p><p><span style=\"background-color: rgb(252, 252, 252); color: rgb(102, 102, 102);\">&nbsp;Anota na agenda, chama a galera e venha viver de perto a adrenalina em velocidade máxima.</span></p><p><br></p><p><span style=\"background-color: rgb(252, 252, 252); color: rgb(102, 102, 102);\">O lote promocional está disponível e você pode comprar seu ingresso com desconto no link&nbsp;</span><a href=\"https://www.sympla.com.br/evento/wdsc-qs-xtreme-league-2025/3077107\" target=\"_blank\" style=\"background-color: rgb(252, 252, 252); color: rgb(209, 54, 37);\">https://www.sympla.com.br/evento/wdsc-qs-xtreme-league-2025/3077107</a></p><p><br></p><p><span style=\"background-color: rgb(252, 252, 252); color: rgb(102, 102, 102);\">#SkateDownhill</span></p><p><span style=\"background-color: rgb(252, 252, 252); color: rgb(102, 102, 102);\">#XTremeLeague</span></p><p><span style=\"background-color: rgb(252, 252, 252); color: rgb(102, 102, 102);\">#SuperFinalPaulista</span></p><p><span style=\"background-color: rgb(252, 252, 252); color: rgb(102, 102, 102);\">#ÁguasDeLindóia</span></p><p><span style=\"background-color: rgb(252, 252, 252); color: rgb(102, 102, 102);\">#FederaçãoPaulista</span></p>','13950970','232','','SP','Lindóia',1),(17,1,9,'BASQUETE - CAMPEONATO ESTADUAL - SUB 16','imagens/evento/foto-1760470469357.jpg','2025-10-14 19:34:29','2025-10-24 12:00:00','<p><strong style=\"background-color: transparent;\">Jogo:</strong>&nbsp;</p><p><span style=\"background-color: transparent;\">ECP X&nbsp;</span>PALMEIRAS</p><p><span style=\"background-color: transparent;\">Local: Ginásio Azul</span></p><p><br></p><p><strong style=\"background-color: transparent;\"><u>CONDIÇÕES DE ACESSO</u></strong></p><p><br></p><p><span style=\"background-color: transparent;\">ENTRADA:</span></p><p><span style=\"background-color: transparent;\">. A entrada do torcedor é liberada com 01 hora de antecedência do jogo</span></p><p><span style=\"background-color: transparent;\">. Apresentar documento com foto</span></p><p><span style=\"background-color: transparent;\">. Registrar foto do rosto no acesso (condição de segurança para o evento)</span></p><p><span style=\"background-color: transparent;\">. Apresentar, na entrada e saída do Clube, o ingresso adquirido</span></p><p><br></p><p><span style=\"background-color: transparent;\">SAÍDA:</span></p><p><span style=\"background-color: transparent;\">.&nbsp;</span>Os torcedores deverão sair do Clube pela Portaria da Escolinha e fazer o check-out dentro do período de até 01 hora após o término oficial do evento</p><p>. Observação: O torcedor deve sair pela mesma portaria que ingressou</p><p><span style=\"background-color: transparent;\">. Qualquer ato indisciplinar será registrado e implicará no próximo acesso ao Clube</span></p><p><span style=\"background-color: transparent;\">. Apresentar, na saída do Clube, o ingresso emitido</span></p><p><br></p><p><strong style=\"background-color: transparent;\">IMPORTANTE!</strong></p><p><strong style=\"background-color: transparent;\">O TORCEDOR ESTÁ SUJEITO AO BLOQUEIO DE ACESSO QUANDO TIVER DESCUMPRIDO</strong></p><p><strong style=\"background-color: transparent;\">AS REGRAS IMPOSTAS PELO ESPORTE CLUBE PINHEIROS, ASSIM COMO QUANDO O</strong></p><p><strong style=\"background-color: transparent;\">EVENTO TIVER ALCANÇADO A CAPACIDADE MÁXIMA DE PÚBLICO</strong></p><p><br></p><p>Ao aceitar esses itens. você está ciente e de acordo com a&nbsp;<a href=\"https://www.ecp.org.br/wp-content/uploads/2021/10/176501_DECLARACAO-DE-PRIVACIDADE-DO-ECP_V4.pdf\" target=\"_blank\" style=\"background-color: transparent;\">Declaração de Privacidade do Esporte Clube Pinheiros</a>&nbsp;<span style=\"background-color: transparent;\">&nbsp;e demais regras do ECP, aqui descritas.</span></p>','01455070','600','Portaria Escolinha','SP','São Paulo',1),(18,5,1,'Capoeira – USP ','imagens/evento/foto-1760471339449.png','2025-10-14 19:40:42','2025-12-12 07:00:00','<p class=\"ql-align-justify\"><strong>Iniciação</strong></p><p class=\"ql-align-justify\">Nas aulas de iniciação os alunos têm contato com os elementos básicos da Capoeira: movimentos de ataque, defesa e acrobáticos, musicalidade (cantos, instrumentos e ritmos), o ritual da Roda, além de aspectos históricos e filosóficos.</p><p class=\"ql-align-justify\">Nesta fase, são trabalhadas as capacidades físicas de força, flexibilidade, resistência e coordenação motora por meio de exercícios complementares, melhorando a condição física geral dos alunos para uma melhor performance nos movimentos específicos da modalidade.</p><p class=\"ql-align-justify\">O trabalho em equipe, o senso de pertencimento, a socialização e integração entre novatos e veteranos são enfatizados nesta fase, quando os alunos têm contato com manifestações culturais associadas à Capoeira, como o Maculelê e o Samba de Roda.</p><p class=\"ql-align-justify\"><strong>Aperfeiçoamento</strong></p><p class=\"ql-align-justify\">O curso de aperfeiçoamento busca aprimorar os fundamentos gerais da Capoeira: movimentos de ataque, defesa, contra-ataque e acrobáticos, ritmos, toques e cantos, conhecimento dos instrumentos – berimbau, pandeiro, atabaque, reco-reco e agogô – parte histórica, social e filosófica da Capoeira.</p><p class=\"ql-align-justify\">Busca ainda aprimorar os fundamentos da roda de Capoeira em toda a sua ritualística, preservando as tradições e promovendo a inclusão, a socialização e o processo educativo da Capoeira.</p><p class=\"ql-align-justify\">Os alunos participam de eventos culturais e sociais dentro e fora do CEPEUSP. Nesse contexto, promove-se o intercâmbio com outras escolas de Capoeira que trabalham com a Capoeira na perspectiva educacional e social.</p><p class=\"ql-align-justify\">&nbsp;</p><p class=\"ql-align-justify\"><strong>Público externo novo – Carteira de acesso:</strong>&nbsp;pagar o boleto, enviar&nbsp;comprovante e uma foto atual (selfie), nome completo, curso, dia e horário para o e-mail&nbsp;<a href=\"mailto:carteiras.cepe@usp.br\" target=\"_blank\" style=\"color: rgb(51, 51, 51); background-color: transparent;\"><strong>carteiras.cepe@usp.br</strong></a>.&nbsp;Para as aulas, levar o comprovante de pagamento e RG, enquanto aguarda a confecção da carteira.</p><p class=\"ql-align-justify\">Mais informações sobre os cursos, horários e taxas:&nbsp;e-mail curscepe@usp.br ou fone 3091-3361.</p><p><br></p>','05508110','61','Centro de Práticas Esportivas da USP','SP','São Paulo',1),(19,1,7,'8ª ETAPA DO CIRCUITO TAÇA BRASIL 10.000 PTS 2025 - GUARDA DO EMBAÚ-SC','imagens/evento/foto-1760471752734.png','2025-10-14 19:55:52','2025-10-27 07:00:00','<p><span style=\"background-color: transparent;\">Inscrições abertas para a 8ª etapa do Circuito TAÇA BRASIL 2025 (10.000 pts).</span></p><p><strong style=\"background-color: transparent;\">Prioridade de inscrição:</strong></p><p><strong style=\"background-color: transparent;\">1a - prioridade&nbsp;</strong><span style=\"background-color: transparent;\">para os atletas das categorias masculina e feminina com ranking.</span></p><p><strong style=\"background-color: transparent;\">Prazo: 23 de Setembro a 09 de Outubro de 2025 apenas para atleta com ranking. O atleta com ranking que perder este prazo definido para inscrição, não terá o direito de utilizar o seu seeding. Inscrições de atletas sem ranking não serão aceitas neste período.</strong></p><p><strong style=\"background-color: transparent;\">2a - prioridade&nbsp;</strong><span style=\"background-color: transparent;\">para os demais atletas da categoria masculina e feminina com ranking que perderam o prazo de inscrições anterior e também para novos atletas.</span></p><p><strong style=\"background-color: transparent;\">Prazo: 10 a 19 de Outubro de 2025 para todos os atletas com e sem ranking até que atinja as vagas das categorias masculina e feminina disponíveis. Inscrições de atletas com ranking (que perderam o prazo) e sem ranking serão aceitas neste período e seu seeding será definido por data e hora da inscrição / aceite do termo.</strong></p><p><span style=\"background-color: transparent;\">Não serão aceitas inscrições fora dos prazos acima estipulados!</span></p><p><span style=\"background-color: transparent;\">A prioridade para atletas com ranking é prevista no Livro de Regras e serve para todas as etapas e circuitos CBSURF.</span></p><p><span style=\"background-color: transparent;\">Contado do Tour Manager</span></p><p><span style=\"background-color: transparent; color: rgb(11, 76, 180);\">alextourmanager@cbsurf.org.br</span></p><p><span style=\"background-color: transparent; color: rgb(11, 76, 180);\">@awsurf</span></p><p><span style=\"background-color: transparent; color: rgb(11, 76, 180);\">27 99713-4635 (Whatsapp)</span></p><p><span style=\"background-color: transparent;\">Site</span></p><p><span style=\"background-color: transparent; color: rgb(11, 76, 180);\">www.cbsurf.org.br</span></p><p><span style=\"background-color: transparent;\">Atenciosamente,</span></p><p><strong style=\"background-color: transparent;\">CBSURF 2025</strong></p>','88139478','100','','SC','Palhoça',1),(20,1,5,'Pedal integrado PERIQUITO/S.G.DA PIEDADE','imagens/evento/foto-1760478587908.jpg','2025-10-14 21:49:47','2025-11-12 21:45:00','<p>- Vem aí o Pedal integragado Periquito/São Geraldo da Piedade&nbsp;</p><p>-&nbsp;</p><p>- Junte se a nós nesse incrível evento ciclístico e conheça lindas passagens&nbsp;</p><p><br></p><p>- 16/11/2025</p><p>-&nbsp;</p><p>PROGRAMAÇÃO DO EVENTO:</p><p>- 7h - Credenciamento e&nbsp;café da manhã em Serraria(distrito de Periquito)</p><p>- 8h00 -Largada</p><p>- 11:30h- chegada em São G. Da Piedade e entrega das medalhas&nbsp;</p><p>- 12 hrs - Almoço com música ao vivo&nbsp;na praça central de&nbsp;S.G.da Piedade&nbsp;</p><p>&nbsp;- As Medalha de participação para os primeiros 150 inscritos</p><p><br></p><p>&nbsp;- SOBRE AS ROTA:</p><p>- PERCURSO De aproximadamente 45 Kms com 428m de&nbsp;elevação,&nbsp;So estradão!</p><p>- Pontos de hidratação.</p><p><br></p><p>A RECEPÇÃO&nbsp;(Chegada) SERA NA PRACA CENTRAL DE SAO GERALDO DA PIEDADE!</p><p><br></p><p>PREPARE SUA BIKE , CONVIDE SEUS AMIGOS E VENHA PARTICIPAR DESSE GRANDE EVENTO.</p><p>HAVERÁ ÔNIBUS/CAMINHÃO PARA TRAZER AS BIKES E CICLISTAS DE VOLTA AO PONTO INICIAL (SERRARIA)</p>','38061580','232','','MG','Uberaba',1),(21,1,4,'MUSAS IN PINK','imagens/evento/foto-1760478990121.png','2025-10-14 21:56:30','2025-10-25 07:00:00','<h1>MUSAS IN PINK 2025 – O EVENTO QUE VAI MARCAR A SUA VIDA!</h1><p>O <strong>MUSAS IN PINK</strong> é mais que um evento fitness. Ele é um <strong>movimento de mulheres unidas pela saúde, autoestima e prevenção ao câncer de mama</strong>. Criado com todo carinho e profissionalismo, o evento acontece em <strong>Cabo Frio</strong>, em um dos cenários mais lindos da região – o <strong>Morro da Guia</strong>, trazendo energia, cuidado e pertencimento em um só dia.</p><h2>O QUE É O MUSAS IN PINK?</h2><p>Um <strong>grande encontro de mulheres</strong> que acreditam no poder do autocuidado e da prevenção. Você vai participar de <strong>aulas coletivas, treinos especiais e momentos de conexão</strong>, conduzidos por professores convidados que vão transformar sua manhã em uma experiência única.</p><p><br></p><p>É o momento ideal para:</p><p> <strong>Cuidar da sua saúde</strong> de forma divertida e motivadora</p><p> <strong>Fazer parte de uma comunidade feminina</strong> que apoia e inspira</p><p> <strong>Conscientizar-se sobre o Outubro Rosa</strong>, fortalecendo a prevenção</p><p> <strong>Viver um dia inesquecível</strong> com muita energia positiva</p><h2>DATA, HORA E LOCAL</h2><p><strong>Morro da Guia – Cabo Frio</strong></p><p> <strong>25 de Outubro de 2025</strong></p><p> <strong>A partir das 7h da manhã</strong></p><p><br></p><p>Prepare-se para um dia cheio de <strong>emoção, movimento e união feminina</strong>.</p><h2>Profissionais conformados:</h2><p>Alvaro Alves</p><p>Keila Jardim</p><p>Rose Rosa</p><p>Cassiana Reis</p><h2>KIT EXCLUSIVO</h2><p><br></p><p>Ao se inscrever, você garante um <strong>kit completo</strong> para viver essa experiência com estilo e motivação:</p><p> Camisa oficial do evento</p><p> Miniband rosa para seus treinos</p><p> Sacola personalizada</p><p> Brindes especiais dos nossos patrocinadores</p><h2>entrega dos kits:&nbsp;</h2><p><br></p><p>A partir do dia 20, na cademia fabrika de musas</p>','28915580','197','','RJ','Cabo Frio',1),(22,1,5,'Pedal e Dia de Cooperar Sicoob Credijequitinhonha - Turmalina / MG','imagens/evento/foto-1760479341064.jpg','2025-10-14 22:02:21','2025-11-19 07:00:00','<h3>Pedal e Dia de Cooperar Sicoob Credijequitinhonha 2025&nbsp;&nbsp;</h3><h3>&nbsp;</h3><h3>Prepare-se para um dia inesquecível de esporte, solidariedade e celebração!</h3><h3>&nbsp;</h3><h3>Data:&nbsp;19 de outubro de 2025&nbsp;</h3><h3> Local de largada:&nbsp;Estádio Municipal Pedro Jaques Lopes (Didizão) – Turmalina/MG</h3><h3>&nbsp;</h3><h3>O que é o Dia de Cooperar?</h3><h3><br></h3><h3>O&nbsp;Dia de Cooperar, também conhecido como&nbsp;Dia C, é uma iniciativa nacional do cooperativismo que promove ações voluntárias e solidárias em prol da comunidade. No Sicoob Credijequitinhonha, celebramos esse dia com atividades que unem esporte, cultura, educação e lazer — tudo gratuito e feito com carinho para você!</h3><h3><br></h3><h3> Programação do Evento&nbsp;</h3><h3><br></h3><ul><li> </li><li>7h&nbsp;– Café da manhã e credenciamento</li><li> </li><li>8h&nbsp;– Largada do pedal</li><li> </li><li>11h&nbsp;– Show musical</li><li> </li><li>11h20&nbsp;– Almoço&nbsp;</li><li> </li><li>14h&nbsp;– Encerramento</li><li> </li></ul><h3>&nbsp;</h3><h3>Como se inscrever?</h3><h3><br></h3><h3>A inscrição solidária pode ser feita pelo site&nbsp;Sympla. Solicitamos a doação de&nbsp;1 kit de higiene pessoal, que será recolhido no dia do evento.</h3><h3><br></h3><h3>&nbsp;Sugestão de itens para o kit:</h3><h3><br></h3><ul><li> </li><li>Absorvente</li><li> </li><li>Sabonete</li><li> </li><li>Desodorante</li><li> </li><li>Creme dental</li><li> </li><li>Escova de dentes</li><li> </li><li>Shampoo e condicionador</li><li> </li><li>Hidratante labial</li><li> </li></ul><h3><br></h3><h3><em>Os kits arrecadados serão destinados a pacientes oncológicos, contribuindo para o cuidado e bem-estar.&nbsp;&nbsp;</em></h3><h3>&nbsp;</h3><h3>Informações importantes:&nbsp;&nbsp;</h3><h3><br></h3><ul><li> </li><li>Evento&nbsp;gratuito, com&nbsp;vagas limitadas!</li><li> </li><li>Uso&nbsp;obrigatório&nbsp;de equipamentos de segurança (capacete, luvas, etc).</li><li> </li><li>É necessário vestir&nbsp;roupas e calçados adequados&nbsp;para a prática do ciclismo.</li><li> </li><li>Menores de idade&nbsp;só poderão participar&nbsp;acompanhados do responsável legal, mediante assinatura de&nbsp;Termo de Compromisso.&nbsp;</li><li> </li></ul><h3>&nbsp;</h3><h3>Junte-se a nós!&nbsp;&nbsp;Venha pedalar, cooperar e celebrar com a comunidade.&nbsp;Esperamos por você!</h3><p><br></p>','38408564','128','','MG','Uberlândia',1),(23,1,7,'SURF INCLUSIVO 2025','imagens/evento/foto-1760479635847.jpg','2025-10-14 22:07:15','2026-04-01 15:00:00','<p>Surf Inclusivo: Um Projeto que Transforma Vidas Através do Esporte Adaptado</p><p><br></p><p>O Governo Federal, por meio do Ministério do Esporte, apresenta: *Surf Inclusivo*.</p><p><br></p><p>Imagine a sensação de pegar uma onda pela primeira vez. Agora, imagine essa conquista sendo possível para pessoas com diferentes tipos de deficiência. Esse é o propósito do Surf Inclusivo, projeto inovador da Associação Socioeducativa de Esporte e Lazer (ASEL), que vem transformando vidas na Praia do Itararé, em São Vicente/SP.</p><p><br></p><p>Com duração de 12 meses, o Surf Inclusivo nasceu com a missão de promover a inclusão social, melhorar a saúde física e mental e empoderar pessoas com deficiência através do surf adaptado. Voltado para beneficiários de 9 a 65 anos, o projeto oferece aulas gratuitas em um ambiente seguro, acolhedor e totalmente adaptado.</p><p><br></p><p>Como Funciona o Surf Inclusivo?</p><p>Com uma metodologia personalizada, o projeto divide os participantes em turmas específicas de acordo com as necessidades: deficientes físicos, visuais, auditivos, pessoas com autismo e com síndrome de Down. Cada aluno conta com o suporte de um instrutor e um auxiliar, garantindo segurança e um ensino de qualidade.</p><p><br></p><p>Além disso, o Surf Inclusivo dispõe de pranchas adaptadas para cada tipo de deficiência, cadeiras anfíbias, rampas de acesso e equipamentos de segurança, tudo planejado para oferecer a melhor experiência possível no mar.</p><p><br></p><p>Antes de iniciar as aulas práticas, cada aluno passa por uma avaliação funcional feita por um fisioterapeuta especializado, assegurando que cada atividade esteja de acordo com suas capacidades e necessidades individuais.</p><p><br></p><p>Mais do que Surf: Uma Onda de Transformação Social</p><p>Ao longo do ano, o projeto organiza eventos de integração, promovendo o encontro entre os alunos, seus familiares e a comunidade. Essas atividades fortalecem os vínculos afetivos, celebram conquistas e reforçam a importância da inclusão no esporte.</p><p><br></p><p>O Surf Inclusivo também contribui para os Objetivos de Desenvolvimento Sustentável (ODS 3) da ONU, que visa garantir uma vida saudável e promover o bem-estar para todos, em todas as idades.</p><p><br></p><p>Impacto Real e Sustentável</p><p>Com encontros regulares às sextas-feiras e sábados, o Surf Inclusivo proporciona ganhos significativos para seus participantes: melhora da coordenação motora, aumento da autoestima, fortalecimento emocional, socialização e, acima de tudo, a certeza de que todos têm direito de viver experiências incríveis no esporte e na vida.</p><p><br></p><p>Esse projeto, mais do que ensinar a surfar, ensina a vencer desafios, superar limites e construir uma sociedade mais justa e igualitária.</p><p><br></p><p>Acompanhe, compartilhe e mergulhe nessa onda de inclusão com a gente!</p>','11320350','61','Itaré','SP','São Vicente',1),(24,1,1,'Handebol | Liga Paulistana 2025 | Infantil M | ECP x Guarulhos','imagens/evento/foto-1760480050241.jpg','2025-10-14 22:14:10','2025-10-16 17:00:00','<p><strong>Liga Paulistana de Handebol 2025</strong></p><p><br></p><p>17h00 - ECP x Guarulhos - Infantil Masculino</p><p><br></p><p><br></p><p><br></p><p><strong>Local: Ginásio de Handebol</strong></p><p>Local: Ginásio de Handebol</p><p><br></p><p><u>CONDIÇÕES DE ACESSO</u></p><p><br></p><p>ENTRADA:</p><p>. A entrada do torcedor é liberada com 1 hora de antecedência do jogo</p><p>. Apresentar documento com foto</p><p>. Registrar foto do rosto no acesso (condição de segurança para o para o evento)</p><p>. Apresentar, na entrada e saída do Clube, o ingresso adquirido</p><p><br></p><p>SAÍDA:</p><ul><li>Os torcedores deverão sair do Clube pela Portaria da Escolinha e fazer o check-out dentro do período de até 1 hora após o término oficial do evento</li></ul><p><strong>Observação: O torcedor deve sair pela mesma portaria que ingressou</strong></p><ul><li>Qualquer ato indisciplinar será registrado e implicará no próximo acesso ao Clube</li><li>Apresentar, na saída do Clube, o ingresso emitido</li></ul><p><br></p><p>IMPORTANTE!</p><p>O TORCEDOR ESTÁ SUJEITO AO BLOQUEIO DE ACESSO QUANDO TIVER DESCUMPRIDO&nbsp;AS REGRAS IMPOSTAS PELO ESPORTE CLUBE PINHEIROS, ASSIM COMO QUANDO O&nbsp;EVENTO TIVER ALCANÇADO A CAPACIDADE MAXÍMA DE PÚBLICO</p><p><br></p><p>Ao aceitar esse itens, você está ciente e de acordo com a&nbsp;<a href=\"https://www.ecp.org.br/wp-content/uploads/2021/10/176501_DECLARACAO-DE-PRIVACIDADE-DO-ECP_V4.pdf\" target=\"_blank\" style=\"background-color: rgb(255, 255, 255);\">Declaração de Privacidade do&nbsp;Esporte Clube Pinheiros</a>&nbsp;e demais regras do ECP, aqui descritas.</p>','01455070','600','Portaria da Escolinha','SP','São Paulo',1),(25,1,1,'CORRIDAS DAS ESTAÇÕES NAZARENO SP - ETAPA PRIMAVERA','imagens/evento/foto-1760480665691.jpg','2025-10-14 22:23:47','2025-11-02 07:00:00','<p class=\"ql-align-center\"><strong><u>CORRIDA DA PRIMAVERA NAZARENO SP</u></strong></p><p class=\"ql-align-center\"><br></p><p class=\"ql-align-center\"><strong><u>REGULAMENTO OFICIAL</u></strong></p><p><strong><u>&nbsp;</u></strong></p><p><strong>1. INFORMACOES GERAIS</strong></p><p>- Nome do evento: Corrida 4 estações (primavera)</p><p>- Data: 02 de novembro 2025 </p><p>- Largada: 08h</p><p>- Local: Nazareno MG</p><p>- Percurso: 5km</p><p>- Organizacao: Prefeitura Municipal de Nazareno MG</p><p>- Contato: (35)998312200</p><p>&nbsp;</p><p><strong>2. OBJETIVO</strong></p><p>- Promover saúde, integração e o incentivo ao esporte na cidade de Nazareno.</p><p><strong>&nbsp;</strong></p><p><strong>3. INSCRICOES</strong></p><p>- Periodo: 13/10/2025 a 28/10/2025</p><p>- Plataforma para inscrições: </p><p>- Limite de participantes: 250</p><p>- Valor da inscrição: gratuita</p><p>- Kit do atleta: Camiseta, número de peito, chip e medalha </p><p>&nbsp;</p><p>Obs.: caso o atleta não use corretamete o Número de Peito com o Chip, perderá o direito à reclamação da contagem de seu tempo e poderá ser eliminado da prova.</p><p>&nbsp;</p><p>- Retirada do kit: </p><p><span style=\"background-color: rgb(255, 255, 0);\">&nbsp;</span></p><p><span style=\"background-color: rgb(255, 255, 0);\">Dia 01/11/2025, entre 18h e 21h00min na Secretaria Municipal de Esportes e Lazer, Dia 02/11/2025&nbsp;entre 06h e 7h no local do evento, Praça Nossa Senhora de Nazare.</span></p><p>&nbsp;</p><p><strong>&nbsp;</strong></p><p><strong>4. CATEGORIA</strong></p><p>- 15-19</p><p>- 20-24</p><p>- 25-29</p><p>- 30-34</p><p>- 35-39</p><p>- 40-44</p><p>- 45-49</p><p>- 50-54</p><p>- 55-59</p><p>- 60 +</p><p><strong>&nbsp;</strong></p><p><strong>5. REGRAS DA PROVA</strong></p><p>- E obrigatorio o uso do numero de peito visivel durante toda a prova</p><p>- Permitido o uso de fones de ouvido</p><p>- O percurso será previamente sinalizado e acompanhado por staffs</p><p>- A organização poderá alterar o percurso por questões de segurança</p><p>- A prova acontecerá sob qualquer condição climática razoável</p><p><strong>&nbsp;</strong></p><p><strong>6. DESCLASSIFICACOES</strong></p><p>- Participar sem inscrição válida</p><p>- Utilizar número ou chip de outro atleta</p><p>- Conduta antidesportiva ou agressiva</p><p>- Desrespeito às normas da organização</p><p><strong>&nbsp;</strong></p><p><strong>7. DIREITOS DE IMAGEM</strong></p><p>- Ao se inscrever, o atleta autoriza gratuitamente o uso de sua imagem para fins de divulgação do evento.</p><p><strong>&nbsp;</strong></p><p><strong>8. RESPONSABILIDADES</strong></p><p>- Cada atleta assume estar em condições físicas adequadas</p><p>- Recomenda-se avaliação medica prévia</p><p>- Menores de idade devem apresentar autorização dos responsáveis</p><p>&nbsp;</p><p><strong>9. DISPOSICOES FINAIS</strong></p><p>- Casos omissos serão resolvidos pela organizacão</p><p>- Alterações poderão ser feitas com aviso prévio</p><p>&nbsp;</p><p><strong>10. PODIUM</strong></p><p>- 5 primeiros lugares geral masculino e feminino</p><p>- 1º,2°,3º por categoria masculino e feminino</p>','06755120','743','','SP','Taboão da Serra',1),(26,1,4,'MARATONA DE CURITIBA SANTANDER 2025','imagens/evento/foto-1760485399025.png','2025-10-14 23:43:19','2025-11-23 05:00:00','<p>Uma maratona começa muito antes da largada, ela começa quando 5 km pareciam impossíveis.</p><p><br></p><p>Ela é feita dos fracassos e das pequenas vitórias, das lesões, dos contratempos, de toda corrida em dia de chuva e de toda manhã que começou mais cedo. Ela acontece no silêncio dos treinos não postados, nas corridas cansadas depois do trabalho, e em todas as vezes em que algo te disse “pare”, mas você encontrou uma saída.</p><p><br></p><p>Participe da Santander Maratona de Curitiba 2025 e junte-se a milhares de corredores que se recusam a parar diante de um dos percursos mais exigentes do Brasil. Faça parte desse dia de superação e celebre com a torcida de uma cidade inteira que se move com você. Transforme cada obstáculo em impulso um impulso para linha de chegada, embora a gente saiba que você não tem nenhuma intenção de parar nela.</p><p><br></p><p>Santander Maratona de Curitiba 2025:</p><p>Muito antes da largada, muito além&nbsp;da&nbsp;chegada.</p><p><br></p><p class=\"ql-align-justify\"><strong style=\"background-color: rgb(255, 255, 255);\" class=\"ql-size-large\">INFORMAÇÕES GERAIS</strong></p><p class=\"ql-align-justify\"><strong style=\"background-color: rgb(255, 255, 255);\"><span class=\"ql-cursor\">﻿</span></strong>REALIZAÇÃO E ORGANIZAÇÃO: ASSOCIAÇÃO PRO CORRER E GLOBAL VITA SPORTS</p><p class=\"ql-align-justify\">DATA: 23/11/2025</p><p class=\"ql-align-justify\">LOCAL DE LARGADA: Praça Nossa Senhora de Salete</p><p class=\"ql-align-justify\">DISTÂNCIAS: 42Km (42.195km), 21Km (21,097km), 10km e 5km.</p><p class=\"ql-align-justify\"><br></p><p class=\"ql-align-justify\">HORA DA LARGADA: 05h30</p><p class=\"ql-align-justify\"><br></p><p>Os ATLETAS farão a LARGADA em ondas:</p><p>1ª Largada: ACD -&nbsp;42km | 21k</p><p class=\"ql-align-justify\">2ª Largada -&nbsp;&nbsp;Elite Feminina | Masculina 42k e 21k + Público Geral 42 e 21k</p><p class=\"ql-align-justify\">3ª Largada - 10km e 5km</p><p><br></p>','80050540','1039','','PR','Curitiba',1),(27,4,4,'CORRIDA E CAMINHADA THE HARDEST RUN','imagens/evento/foto-1760485510591.png','2025-10-14 23:45:10','2025-10-19 07:00:00','<p>Prepare-se para um desafio que vai além da linha de chegada! A <strong>Corrida e Caminhada The Hardest Run 2025 </strong>é a sua chance de transformar cada passo em esperança. Em sua edição de 2025, nosso evento tem um propósito nobre: arrecadar doações para o Hospital Erasto Gaertner e ajudar a ampliar o Espaço da Família, além de construir uma área essencial para cuidados paliativos pediátricos. Juntos, vamos humanizar o atendimento e criar ambientes acolhedores para pacientes e suas famílias.</p><p><br></p><p><br></p><p>Nossa meta é ambiciosa: <strong>R$ 2.520.000,00</strong>! Cada inscrição é uma doação direta, fazendo de você parte fundamental dessa causa. Venha fazer a diferença com a gente!</p><p><br></p><p><strong>Data do Evento:</strong> 19 de outubro de 2025.</p><p><strong>Distâncias e Horários de Largada:</strong></p><p>7h00: Largada 10 km (corrida) e 5 km (corrida)</p><p>7h20: Largada 3 km (caminhada)</p><p><strong>Tempo Máximo de Prova: </strong>2 horas para todas as modalidades.</p><p><strong>Local de Largada e Chegada: </strong>Praça Nossa Srª. de Salete, Av. Cândido de Abreu, 1039 - Centro Cívico, Curitiba - Paraná.</p><p><strong>Idade Mínima por Modalidade: </strong></p><p><strong>3 km (caminhada):</strong> A partir de 12 anos </p><p><strong>5 km (corrida): </strong>A partir de 13 anos </p><p><strong>10 km (corrida):</strong> A partir de 15 anos </p><p><strong>Importante: </strong>Sua inscrição é pessoal e intransferível. Ao se inscrever, você declara estar em perfeitas condições físicas e de saúde para participar do evento, ciente da necessidade de consulta médica prévia.</p><p><strong>Valor Único: </strong>R$ 140,00. <u>Esse valor é integralmente revertido em doação para o Hospital Erasto Gaertner.</u></p><p><strong>Atenção:</strong> Haverá uma taxa adicional de 10% cobrada pela plataforma de inscrição, referente aos custos operacionais da mesma.</p><p><strong>Total de Vagas: </strong>18.000 inscrições disponíveis. Não perca tempo, as vagas são limitadas!</p><p><strong>Período de Inscrições: </strong>De 09 de julho de 2025 a 10 de outubro de 2025, ou até o limite de vagas ser atingido.</p><p><br></p><p><strong>O que o kit inclui:</strong></p><p>1 camiseta oficial do evento</p><p>1 número de peito com alfinetes</p><p>1 medalha finisher (entregue após cruzar a linha de chegada)</p><p><br></p><p>A escolha do tamanho é por ordem de inscrição e não haverá troca na retirada do kit.</p><p><br></p><p>DATA: 16, 17 e 18 de outubro de 2025. </p><p>LOCAL: Park Shopping Barigüi </p><p>HORÁRIO: Durante o funcionamento do shopping</p><p><br></p><p>- Todo atleta inscrito deverá retirar o seu kit nos dias, locais e horários definidos. </p><p>- É obrigatório apresentação da carteira de identidade e comprovante da inscrição</p><p>- A retirada do kit para terceiros só será permitida mediante apresentação do documento de identidade e/ou fotocópia e comprovante da inscrição do atleta inscrito.</p><p><br></p><p><a href=\"https://cdn.ticketsports.com.br/ticketagora/arquivos/evento/72924/925ac5053c334d48b8af78c0973fb88c638948398904226750.pdf\" target=\"_blank\"><strong><u>Clique aqui</u></strong></a>&nbsp;para acessar o regulamento completo.</p><p><br></p><p><br></p>','80050540','1039','Centro Cívico','PR','Curitiba',1),(28,4,4,'41ª MARATONA INTERNACIONAL DE PORTO ALEGRE - 2026','imagens/evento/foto-1760485670429.png','2025-10-14 23:47:50','2026-05-30 06:00:00','<p>A <strong>41ª Maratona Internacional de Porto Alegre</strong> promete ser um marco, reunindo 30.000 corredores em diversas modalidades. Será um fim de semana repleto de energia e superação, com provas para todos os níveis e idades.</p><p><br></p><p><strong>Datas: </strong>30 e 31 de Maio de 2026</p><p><strong>Local:</strong> A definir (Fique atento aos nossos canais oficiais para as atualizações!)</p><p><strong>Limite de Participantes:</strong> 30.000 vagas (entre maratona, meia maratona, desafio gaúcho e corridas individuais de 5km e 10km)</p><p><strong>Inscrições até:</strong> 15 de maio de 2026</p><p><br></p><p>Para atletas com<strong> 60 anos ou mais</strong> sempre haverá 50% desconto no valor da inscrição, mediante o envio da cópia do documento de identidade no ato da inscrição no site, caso encontremos alguma inconsistência na documentação, a inscrição será cancelada e estornada. (O kit de atletas com mais de 60 anos só poderá ser retirado pessoalmente, mediante a apresentação de carteira de identidade).</p><p><br></p><p>Para <strong>atletas PCD</strong>, sempre haverá 50% desconto no valor da inscrição, mediante o envio da cópia do Diagnóstico médico com CID no ato da inscrição no site, caso encontremos alguma inconsistência na documentação, a inscrição será cancelada e estornada.</p><p>* Só concorrerão a premiação em dinheiro atletas regularmente inscritos junto ao CPB.</p><p><br></p><p>Para participação no pelotão de <strong>ELITE MASCULINO da Maratona ou Meia Maratona,</strong> o ATLETA deve ter os seguintes tempos de referência obtidos entre 2024 e 2026 em provas oficiais:</p><p><br></p><p>Maratona: 02:24:00 ou abaixo. </p><p>Meia Maratona: 01:09:00 ou abaixo. </p><p>10km: 30:30 ou abaixo.</p><p><br></p><p>Para participação no pelotão de <strong>ELITE FEMININO da Maratona ou Meia Maratona</strong>, a ATLETA deve ter os seguintes tempos de referência obtidos entre 2024 e 2026 em provas oficiais:</p><p><br></p><p>Maratona: 02:57:00 ou abaixo.</p><p>Meia Maratona: 01:22:00 ou abaixo.</p><p>10km: 37:30 ou abaixo.</p><p><br></p><p>A escolha do pelotão de elite deverá ser feita no ato da inscrição, e todo o atleta de elite deverá realizar o upload de seu currículo de atleta, o qual deve constar junto a suas melhores marcas, seu perfil no site da CBAt e/ou World Atletics, com marcas obtidas em provas oficiais.</p><p>Após a conferência do currículo, poderá haver a confirmação ou o cancelamento da inscrição do mesmo. Fique atento a seu e-mail.</p><p>O retorno acontece em até sete dias após o envio&nbsp;da&nbsp;inscrição.</p><p><br></p><p><strong>Inscrições para Grupos e Assessorias Esportivas:</strong> <a href=\"https://site.ticketsports.com.br/Inscricao/Grupos/apresentacao.aspx?__idEvento=72850&amp;lang=pt-BR\" target=\"_blank\">Clique aqui</a></p><p>*mínimo 10 pessoas.</p><p><br></p><p><strong>Período de Retirada: Em breve</strong></p><p><strong>Horário:</strong> Das 11h às 20h</p><p><strong>Local:</strong> A definir (Fique atento aos nossos canais oficiais para as atualizações!)</p><p><br></p><p>Seu kit inclui: Número de Participação e chip de cronometragem. Como cortesia, você também receberá uma camiseta do evento e uma Gymsack.</p><p><br></p><p><strong>Atenção:</strong></p><ul><li>É obrigatória a retirada do kit no local e horários divulgados. Não haverá entrega de kits no dia do evento ou após o término.</li><li>Para a retirada, apresente o comprovante de inscrição e um documento de identificação com foto (original ou cópia autenticada).</li><li>A retirada por terceiros exige comprovante de inscrição, Termo de Responsabilidade e Autorização de Retirada por Terceiro preenchido e assinado pelo atleta (ou responsável, no caso de menor), acompanhado de cópia do documento de identidade do atleta.</li><li>Atletas com mais de 60 anos devem retirar o kit pessoalmente, mediante apresentação de identidade.</li><li>Não serão enviados kits, troféus ou medalhas pelo correio.</li></ul><p><br></p><p>Prepare-se para um fim de semana de corrida intenso em Porto Alegre!</p><p><br></p><p><strong>SÁBADO&nbsp;</strong></p><p>6h30min: Largada: Meia Maratona (feminino e masculino)</p><p>9h: Largada: Rústica 5km e 10km (feminino e masculino)</p><p>11h: Maratoninha Kids (feminino e masculino)</p><p><br></p><p><strong>DOMINGO</strong></p><p>06h25min: Largada: Cadeirante, deficiente visual e Especial (Maratona)</p><p>6h30min: Largada: Maratona (masculino e feminino)</p><p><br></p><p><strong>Importante:</strong></p><p>Chegue ao local da largada com pelo menos 1h30min de antecedência.</p><p>Os horários de largada estão sujeitos a alterações por questões de segurança ou problemas externos.</p><p><br></p><p><strong>Tempos Limite:</strong></p><p>Rústicas (5km e 10km): 60 e 90 minutos, respectivamente.</p><p>Meia Maratona: 3 horas e 30 minutos.</p><p>Maratona: 6 horas.</p><p>Participantes que excederem o tempo máximo serão convidados a se retirar da prova e serão desclassificados.</p>','90810080','300','','RS','Porto Alegre',1),(29,4,2,'MARATONA DE FORTALEZA 2026','imagens/evento/foto-1760485909384.png','2025-10-14 23:51:49','2026-04-12 06:00:00','<p>Em suas marcas, apontar, prepara... A contagem regressiva começou: as inscrições para a 1ª edição da Maratona Internacional de Fortaleza jcomeçaram. </p><p><br></p><p>A competição, uma das mais aguardadas na capital, será realizada no dia 12 de abril de 2026. A expectativa é de reunir 10 mil atletas vindos de diferentes lugares do Brasil. </p><p><br></p><p>Além do tradicional percurso da maratona, com 42 km, os atletas também poderão disputar as distâncias de 5 km, 10 km e 21 km. </p><p><br></p><p>Esporte, economia e cultura em movimento </p><p><br></p><p>O evento promete movimentar a cidade com esporte, turismo e celebração cultural, oferecendo grande estrutura com pontos para hidratação, túneis refrescantes com aspersores e equipes médicas ao longo do percurso, além de programação especial com atrações musicais, vendas de produtos e muito mais. </p><p><br></p><p>A realização e organização são assinadas pela BRB Marketing Esportivo e K1 Sports, que reúnem ampla experiência e expertise em grandes competições do segmento. </p><p><br></p><p>O cenário ideal </p><p><br></p><p>Além das belas paisagens cearenses serem um atrativo à parte, Fortaleza desponta como palco perfeito para a maratona: a cidade lidera o ranking nacional de corrida de rua, sendo o município brasileiro com maior número de corredores simultâneos, segundo a pesquisa anual Year in Sport, do aplicativo Strava. No mundo, a cidade no topo da lista é Jacarta do Sul (Indonésia) com 78%. O Brasil é o segundo país em número de usuários, com 19 milhões. </p><p><br></p><p>Principais informações </p><p><br></p><p>•	Evento: 1ª edição da Maratona Internacional de Fortaleza </p><p>•	Inscrições: a partir de 28/08/2025 </p><p>•	Data da prova: 12/04/2026 </p><p>•	Local: Fortaleza/CE e municípios do entorno </p><p>•	Percursos: 5 km, 10 km, 21 km e 42 km </p><p>•	Realização e organização: BRB Marketing Esportivo e K1 Sports </p><p>•	Sites: </p><p>www.maratonadefortaleza.com.br </p><p>www.maratonainternacionaldefortaleza.com </p><p>•	Facebook: maratonainternacionaldefortalezaoficial </p><p>•	Instagram: maratonadefortalezaoficial</p><p><br></p><p>As inscrições estarão disponíveis de 28 de agosto de 2025 até 01 de março de 2026 ou até atingir o Limite Técnico total de 10.000 inscritos pelo endereço eletrônico <a href=\"http://www.maratonadefortaleza.com.br\" target=\"_blank\">www.maratonadefortaleza.com.br</a>&nbsp;</p><p> </p><p>A divisão do limite técnico se dará da seguinte forma: 3.000 atletas inscritos na MARATONA, 3.000 atletas inscritos na MEIA MARATONA, 2.000 atletas inscritos na CORRIDA 10K e 2.000 atletas inscritos na CORRIDA 5K </p><p><br></p><p><br></p><p>As inscrições serão realizadas por lotes determinados por tempo e quantidade de vagas seguindo a seguinte programação: </p><p> </p><p><strong>LOTE ESPECIAL DE LANÇAMENTO: (28/08/2025 – 13/10/2025) </strong></p><p>-	MARATONA (42 Km): R$ 249,00 (Duzentos e quarenta e nove reais) </p><p>-	MEIA MARATONA (21 km): R$ 199,00 (Cento e novente e nove reais) </p><p>-	CORRIDA (10 Km): R$ 139,00 (Cento e trinta e nove reais) </p><p>-	CORRIDA (5 km): R$ 139,00 (Cento e trinta e nove reais) </p><p> </p><p>LOTE 2: (14/10/2025 – 13/12/2025) </p><p>-	MARATONA (42 Km): R$ 299,00 (Duzentos e noventa e nove reais) </p><p>-	MEIA MARATONA (21 km): R$ 239,00 (Duzentos e trinta e nove reais) </p><p>-	CORRIDA (10 Km): R$ 169,00 (Cento e sessenta e nove reais) </p><p>-	CORRIDA (5 km): R$ 169,00 (Cento e sessenta e nove reais) </p><p> </p><p>LOTE 3: (14/12/2025 – 01/03/2026) </p><p>-	MARATONA (42 Km): R$ 359,00 (Trezentos e cinquenta e nove reais) </p><p>-	MEIA MARATONA (21 km): R$ 289,00 (Duzentos e oitenta e nove reais) </p><p>-	CORRIDA (10 Km): R$ 199,00 (Cento e noventa e nove reais) </p><p>-	CORRIDA (5 km): R$ 199,00 (Cento e noventa e nove reais) </p><p> </p><p>PARÁGRAFO ÚNICO: Serão cobradas taxas de comodidade percentual sobre os valores de inscrição pelo serviço desempenhado pelo site de inscrição </p>','60060570','412','','CE','Fortaleza',1),(30,1,4,'XI INCLUSÃO A TODA PROVA - CORRIDA E CAMINHADA PELA INCLUSÃO','imagens/evento/foto-1760486408601.png','2025-10-15 00:00:08','2025-12-07 06:00:00','<p><strong>Local</strong>: Obelisco – Ibirapuera</p><p><strong>Data</strong>: 07/12/2025</p><p><br></p><p><strong>Entrega de Kits: </strong></p><p><br></p><p>Será no Shopping West Plaza ( Água Branca, São Paulo - SP, 01141-060), bloco A - 2º piso, próximo loja do IOK.</p><p>O período para as entregas será nos dias 03, 04, 05 e 06/12 das 11h às 20h00 com tolerância de 15 minutos. Após esse horário, ou seja, às 20h15 as entregas do dia serão finalizadas.</p><p><br></p><p><strong>XI INCLUSÃO A TODA PROVA – CORRIDA E CAMINHADA PELA INCLUSÃO</strong></p><p><br></p><p>O horário de largada da corrida será às 7h00, sob qualquer condição climática. O horário de largada da corrida ficará sujeito a alteração em razão da quantidade de inscritos e de eventuais problemas de ordem externa, tais como, tráfego intenso, falhas de comunicação ou suspensão no fornecimento de energia. </p><p> </p><p>As largadas serão em pelotões respeitando o distanciamento social, em quantos pelotões forem necessários. </p><p> </p><p>Até a data da Prova Presencial também poderão ser realizados ajustes de percurso e neste regulamento com objetivo de melhorias técnicas e atendimento às necessidades da cidade e órgãos públicos competentes, mantendo a LARGADA e CHEGADA aos locais acima descritos.</p><p> </p><p><strong>Para efetuar a inscrição como PcD será obrigatório o envio de um e-mail à empresa organizadora do evento</strong>, corrida@institutoolgakos.org.br acompanhado de laudo ou documento ATUALIZADO comprobatório desta condição, mais um documento de identificação com foto. Após o recebimento, análise e aprovação dos documentos, a empresa organizadora enviará por e-mail um cupom para que o atleta possa finalizar sua inscrição.</p><p><br></p>','04008001','2','Ibirapuera','SP','São Paulo',1),(31,2,1,'Campeonato futebol','imagens/evento/foto-1760540090913.png','2025-10-15 14:54:50','2025-11-14 13:00:00','<ul><li><strong>Futebol</strong> engraçado com os crias com familia <strong>Futebol</strong> engraçado com os crias com familia <strong>Futebol</strong> engraçado com os crias com familia engraçado</li><li>comida</li><li>legal</li></ul>','06447445','198','Casa','SP','Barueri',1);
/*!40000 ALTER TABLE `eventos` ENABLE KEYS */;
UNLOCK TABLES;

--
-- Table structure for table `ingressos`
--

DROP TABLE IF EXISTS `ingressos`;
/*!40101 SET @saved_cs_client     = @@character_set_client */;
/*!50503 SET character_set_client = utf8mb4 */;
CREATE TABLE `ingressos` (
  `ingresso_id` int unsigned NOT NULL AUTO_INCREMENT,
  `ingresso_nome` varchar(70) NOT NULL,
  `ingresso_valor` decimal(6,2) NOT NULL,
  `ingresso_quantidade` int NOT NULL,
  `ingresso_meia` tinyint(1) NOT NULL DEFAULT '0',
  `ingresso_vendido` int DEFAULT '0',
  `evento_id` int unsigned NOT NULL,
  PRIMARY KEY (`ingresso_id`),
  KEY `evento_id` (`evento_id`),
  CONSTRAINT `ingressos_ibfk_1` FOREIGN KEY (`evento_id`) REFERENCES `eventos` (`evento_id`)
) ENGINE=InnoDB AUTO_INCREMENT=58 DEFAULT CHARSET=utf8mb4 COLLATE=utf8mb4_0900_ai_ci;
/*!40101 SET character_set_client = @saved_cs_client */;

--
-- Dumping data for table `ingressos`
--

LOCK TABLES `ingressos` WRITE;
/*!40000 ALTER TABLE `ingressos` DISABLE KEYS */;
INSERT INTO `ingressos` VALUES (1,'Ingresso Padrão',100.00,300,0,0,1),(2,'Ingresso Padrão',50.00,300,1,0,1),(3,'Ingresso VIP',350.00,300,0,0,1),(4,'Ingresso Padrão',100.00,300,0,0,2),(5,'Ingresso Padrão',50.00,300,1,0,2),(6,'Ingresso VIP',350.00,300,0,0,2),(7,'Ingresso Padrão',100.00,300,0,0,3),(8,'Ingresso Padrão',50.00,300,1,0,3),(9,'Ingresso VIP',350.00,300,0,0,3),(10,'Ingresso Padrão',100.00,300,0,0,4),(11,'Ingresso Padrão',50.00,300,1,0,4),(12,'Ingresso VIP',350.00,300,0,0,4),(13,'Ingresso Padrão',100.00,300,0,0,5),(14,'Ingresso Padrão',50.00,300,1,0,5),(15,'Ingresso VIP',350.00,300,0,0,5),(16,'KIT PREMIUM',199.00,500,0,0,6),(17,'KIT PREMIUM',99.50,500,1,0,6),(18,'Ingresso dia 20/11',40.00,500,0,0,7),(19,'Ingresso dia 20/11',20.00,500,1,0,7),(20,'Ingresso único',25.00,500,0,0,8),(23,'GERAL',79.90,500,0,0,9),(24,'VIP',109.90,100,0,0,9),(25,'KIT GERAL',59.90,500,0,0,10),(26,'KIT VIP',99.90,100,0,0,10),(27,'KIT GERAL',59.90,500,0,0,11),(28,'KIT VIP',99.90,100,0,0,11),(29,'Corre no Light + HALLOWEEN',29.90,300,0,0,12),(30,'SPHb 2025 - ECP x São Caetano - Adulto F',19.90,300,0,0,13),(33,'75KM ULTRA',100.00,500,0,0,15),(34,'38.8KM DESAFIO',100.00,500,0,0,15),(35,'38.8KM DESAFIO',50.00,500,1,0,15),(36,'INGRESSO ÚNICO',25.00,100,0,0,16),(37,'INGRESSO ÚNICO',15.00,500,0,0,17),(38,'Capoeira - basico',10.00,500,0,0,18),(39,'Ingresso único',100.00,100,0,0,19),(40,'Pedal Periquito/são Geraldo da Piedade',25.00,199,0,0,20),(41,'INGRESSO ÚNICO',80.00,500,0,0,21),(42,'INGRESSO ÚNICO',100.00,500,0,0,22),(43,'INGRESSO ÚNICO ',50.00,500,0,0,23),(44,'ENTRADA ÚNICA',25.00,100,0,0,24),(45,'ENTRADA ÚNICA',12.50,100,1,0,24),(46,'INGRESSO ÚNICO',50.00,100,0,0,25),(47,'SMART',155.00,400,0,0,26),(48,'STANDARD',185.00,350,0,0,26),(49,'VIP',445.00,120,0,0,26),(50,'KIT INSCRIÇÃO',100.00,500,0,0,27),(51,'INGRESSO ÚNICO',150.00,500,0,0,28),(52,'INGRESSO ÚNICO',300.00,300,0,0,29),(53,'INGRESSO ÚNICO',64.00,500,0,0,30),(54,'INGRESSO ÚNICO',32.00,500,1,0,30),(55,'churrasco incluso',10.00,10,0,0,31),(56,'apenas futebol',5.00,10,0,0,31),(57,'apenas futebol',2.50,10,1,0,31);
/*!40000 ALTER TABLE `ingressos` ENABLE KEYS */;
UNLOCK TABLES;

--
-- Table structure for table `inscricao_evento`
--

DROP TABLE IF EXISTS `inscricao_evento`;
/*!40101 SET @saved_cs_client     = @@character_set_client */;
/*!50503 SET character_set_client = utf8mb4 */;
CREATE TABLE `inscricao_evento` (
  `inscricao_id` int unsigned NOT NULL AUTO_INCREMENT,
  `usuario_id` int unsigned NOT NULL,
  `evento_id` int unsigned NOT NULL,
  `ingresso_id` int unsigned NOT NULL,
  `telefone` varchar(11) NOT NULL,
  `cpf` varchar(11) NOT NULL,
  `genero` enum('masculino','feminino','naoIdentificar') NOT NULL DEFAULT 'naoIdentificar',
  `data_compra` datetime NOT NULL DEFAULT CURRENT_TIMESTAMP,
  `pagamento_feito` tinyint(1) DEFAULT '0',
  `entrada_validada` tinyint(1) DEFAULT '0',
  PRIMARY KEY (`inscricao_id`),
  KEY `usuario_id` (`usuario_id`),
  KEY `evento_id` (`evento_id`),
  KEY `ingresso_id` (`ingresso_id`),
  CONSTRAINT `inscricao_evento_ibfk_1` FOREIGN KEY (`usuario_id`) REFERENCES `usuarios` (`usu_id`) ON DELETE CASCADE,
  CONSTRAINT `inscricao_evento_ibfk_2` FOREIGN KEY (`evento_id`) REFERENCES `eventos` (`evento_id`) ON DELETE CASCADE,
  CONSTRAINT `inscricao_evento_ibfk_3` FOREIGN KEY (`ingresso_id`) REFERENCES `ingressos` (`ingresso_id`) ON DELETE CASCADE
) ENGINE=InnoDB AUTO_INCREMENT=12 DEFAULT CHARSET=utf8mb4 COLLATE=utf8mb4_0900_ai_ci;
/*!40101 SET character_set_client = @saved_cs_client */;

--
-- Dumping data for table `inscricao_evento`
--

LOCK TABLES `inscricao_evento` WRITE;
/*!40000 ALTER TABLE `inscricao_evento` DISABLE KEYS */;
INSERT INTO `inscricao_evento` VALUES (1,1,6,16,'11977787243','54640548800','masculino','2025-10-14 19:36:10',1,0),(2,3,17,37,'11995395105','48758417877','masculino','2025-10-14 21:32:55',1,0),(3,2,6,16,'11977787243','54640548800','masculino','2025-10-14 22:59:19',1,1),(4,2,6,17,'11977787243','54640548800','masculino','2025-10-14 22:59:19',1,1),(5,3,19,39,'11995395105','48758417877','masculino','2025-10-14 23:49:30',1,0),(6,6,6,16,'11974992727','53533023893','masculino','2025-10-15 15:04:28',1,0),(7,6,6,16,'11974992727','53533023893','masculino','2025-10-15 15:04:28',1,0),(8,6,6,16,'11974992727','53533023893','masculino','2025-10-15 15:04:28',1,0),(9,6,6,17,'11974992727','53533023893','masculino','2025-10-15 15:04:28',1,0),(10,6,6,17,'11974992727','53533023893','masculino','2025-10-15 15:04:28',1,0),(11,6,6,17,'11974992727','53533023893','masculino','2025-10-15 15:04:28',1,0);
/*!40000 ALTER TABLE `inscricao_evento` ENABLE KEYS */;
UNLOCK TABLES;

--
-- Table structure for table `locais`
--

DROP TABLE IF EXISTS `locais`;
/*!40101 SET @saved_cs_client     = @@character_set_client */;
/*!50503 SET character_set_client = utf8mb4 */;
CREATE TABLE `locais` (
  `local_id` int unsigned NOT NULL AUTO_INCREMENT,
  `local_nome` varchar(100) NOT NULL,
  `local_foto` varchar(255) NOT NULL,
  `local_endereco` varchar(255) NOT NULL,
  `local_latitude` decimal(10,6) NOT NULL,
  `local_longitude` decimal(10,6) NOT NULL,
  `local_link` varchar(500) NOT NULL,
  `local_ativo` tinyint(1) DEFAULT '1',
  PRIMARY KEY (`local_id`)
) ENGINE=InnoDB AUTO_INCREMENT=25 DEFAULT CHARSET=utf8mb4 COLLATE=utf8mb4_0900_ai_ci;
/*!40101 SET character_set_client = @saved_cs_client */;

--
-- Dumping data for table `locais`
--

LOCK TABLES `locais` WRITE;
/*!40000 ALTER TABLE `locais` DISABLE KEYS */;
INSERT INTO `locais` VALUES (3,'Jardim Maria Helena - Field - Santos FC','imagens/pratique/foto-1760452388089.png','R. Búzios, 178 - Jardim Maria Helena, Barueri - SP, 06445-120',-23.530765,-46.863734,'https://maps.app.goo.gl/hqS5oMRG5XZEekkx8',1),(4,'Parque Municipal Dom José - Barueri','imagens/pratique/foto-1760453384882.jpg','Rua Ângela Mirella, 500 - Jardim Maria Tereza, Barueri - SP, 06411-330',-23.496958,-46.874431,'https://maps.app.goo.gl/RJq7kYnBSWEqX63x5',1),(5,'Campo do XV - Santos FC','imagens/pratique/foto-1760466555751.jpeg','R. Condé D\'eu, 113-71 - Vila Lourdes, Carapicuíba - SP, 06397-350',-23.530551,-46.861954,'https://maps.app.goo.gl/EHFAFMsEJ8hFnQKt9',1),(6,'Praça pública (Jardim Paulista)','imagens/pratique/foto-1760466878589.jpg','Av. Marginal Direita, 120-222 - Jardim Paulista, Barueri - SP, 06447-170',-23.543148,-46.882046,'https://maps.app.goo.gl/iu27TDo5DPPAuGeHA',1),(7,'Ginásio de Esportes José Corrêa','imagens/pratique/foto-1760467248654.jpg','P., Av. Guilherme Perereca Guglielmo, 1000, SP, 06401-146',-23.507070,-46.867862,'https://maps.app.goo.gl/91FsP4GoMeBgvgM9A',1),(8,'Ginásio de Esportes Caetano Manoel da Silva','imagens/pratique/foto-1760467411138.jpg','R. Ver. Isaías Pereira Souto, 206 - Jardim Belval, Barueri - SP, 06420-490',-23.511760,-46.890641,'https://maps.app.goo.gl/g4UfrG2LyGdAjYLDA',1),(9,'Ginásio de Esportes Carlos Neto Guimarães','imagens/pratique/foto-1760467476211.jpg','Av. da Aldeia, 430 - Nova Aldeinha, Barueri - SP, 06440-000',-23.511512,-46.857911,'https://maps.app.goo.gl/iKpcfo8f615o29qh7',1),(10,'Campo do Parque Viana','imagens/pratique/foto-1760466621506.jpg','R. Cipreste, 230 - Parque Viana, Barueri - SP, 06449-170',-23.542917,-46.864529,'https://maps.app.goo.gl/2LaPpa3oTtStTiHg8',1),(11,'Bate-Bola Futebol Society','imagens/pratique/foto-1760467052964.jpg','Estr. Velha de Itapevi, 2850 - Vila Militar, Barueri - SP, 06444-000',-23.536575,-46.880465,'https://maps.app.goo.gl/WHEuQDGAuGFEVkpC9',1),(12,'Arena Crefisa Barueri','imagens/pratique/foto-1760467303931.jpg','Av. Pref. João Vila-Lobos Quero, 1001 - Jardim Belval, Barueri - SP, 06422-122',-23.512191,-46.900277,'https://maps.app.goo.gl/sbAxLv4u8LdSRTnx5',1),(13,'Parque da Juventude','imagens/pratique/foto-1760469806312.jpg','Av. Antonio Furlan - Recreio Cachoeira, Barueri - SP, 06414-150',-23.476874,-46.881582,'https://maps.app.goo.gl/sMaEHgCzKEuNc3Zr5',1),(14,'Parque Tietê Ecológico Barueri','imagens/pratique/foto-1760469998879.jpg','Av. Dr. Dib Sauaia Neto, 1600 - Alphaville Industrial, Barueri - SP, 06401-160',-23.483873,-46.874398,'https://maps.app.goo.gl/XmuJ4qKEyJDE81mh8',1),(15,'Campo da Inac','imagens/pratique/foto-1760478392605.jpg','Av. Comendador Dante Carraro, 333 - Cidade Ariston Estela Azevedo, Carapicuíba - SP, 06395-290',-23.523520,-46.853485,'https://maps.app.goo.gl/o1uDDYeY2JyF92hS6',1),(16,'IMPACTO ARENA SOCIETY','imagens/pratique/foto-1760478608431.jpg','Rua Nossa Senhora da Escada, R. Cláudia Rita Correia, 80 - Vila, Barueri - SP, 06440-070',-23.509363,-46.860328,'https://maps.app.goo.gl/1VMBKDUkwfk1Jhm5A',1),(17,'Chute Inicial Barueri','imagens/pratique/foto-1760478659978.jpg','Av. Marginal Jardim dos Camargos, 2879 - Vila Nilva, Barueri - SP, 06404-200',-23.506577,-46.862136,'https://maps.app.goo.gl/79Guy5QozkDPj9Lz5',1),(18,'Parque Estadual Gabriel Chucre','imagens/pratique/foto-1760478812677.jpg','Av. Consolação, 505 - Vila Gustavo Correia, Carapicuíba - SP, 06310-260',-23.515688,-46.832841,'https://maps.app.goo.gl/WEC1MJe9sVUELwxbA',1),(19,'Parque Recreativo Taddeo Cananéia','imagens/pratique/foto-1760478960698.jpg','R. Chico Mendes, 287 - Parque Imperial, Barueri - SP, 06462-350',-23.491536,-46.806556,'https://maps.app.goo.gl/HkzVgCdnRX22kzUz5',1),(20,'Ginásio de Esportes Dalmo Martins Duarte','imagens/pratique/foto-1760479060290.jpg','R. Padre Cícero Romão Batista, 155 - Parque Imperial, Barueri - SP, 06462-010',-23.489662,-46.812377,'https://maps.app.goo.gl/yrZv9iLivimmwE6K8',1),(21,'Área Esportiva - Alphaville Residencial Dois','imagens/pratique/foto-1760479330042.jpg','Alameda Equador, 2-156 - Alphaville Res. Dois, Barueri - SP, 06470-060',-23.493173,-46.862501,'https://maps.app.goo.gl/LwEs7DMcs7AZuEWQ7',1),(22,'Parque Linear Barueri','imagens/pratique/foto-1760479534284.jpg','https://maps.app.goo.gl/7euqbyuJXHarvbvx8',-23.498352,-46.865572,'Av. Ana Augusta Vilela - Barueri, SP, 06414-065',1),(23,'Clube Aldeia da Serra','imagens/pratique/foto-1760479651045.jpg','Estr. Dr. Yojiro Takaoka, 2900 - Aldeia da Serra, Barueri - SP, 06500-000',-23.502503,-46.953037,'https://maps.app.goo.gl/PTkCbRvidGe2TQn97',1),(24,'Alameda Parque - Vila Militar, Osasco - SP','imagens/pratique/foto-1760486826073.jpg','Alameda Parque - Vila Militar, Osasco - SP',-23.528716,-46.807845,'https://maps.app.goo.gl/M7WEcwtAMVWemHbCA',1);
/*!40000 ALTER TABLE `locais` ENABLE KEYS */;
UNLOCK TABLES;

--
-- Table structure for table `local_esporte`
--

DROP TABLE IF EXISTS `local_esporte`;
/*!40101 SET @saved_cs_client     = @@character_set_client */;
/*!50503 SET character_set_client = utf8mb4 */;
CREATE TABLE `local_esporte` (
  `local_id` int unsigned NOT NULL,
  `esporte_id` int unsigned NOT NULL,
  KEY `local_id` (`local_id`),
  KEY `esporte_id` (`esporte_id`),
  CONSTRAINT `local_esporte_ibfk_1` FOREIGN KEY (`local_id`) REFERENCES `locais` (`local_id`),
  CONSTRAINT `local_esporte_ibfk_2` FOREIGN KEY (`esporte_id`) REFERENCES `esportes` (`esporte_id`)
) ENGINE=InnoDB DEFAULT CHARSET=utf8mb4 COLLATE=utf8mb4_0900_ai_ci;
/*!40101 SET character_set_client = @saved_cs_client */;

--
-- Dumping data for table `local_esporte`
--

LOCK TABLES `local_esporte` WRITE;
/*!40000 ALTER TABLE `local_esporte` DISABLE KEYS */;
INSERT INTO `local_esporte` VALUES (3,1),(4,1),(4,4),(4,6),(5,1),(6,1),(6,9),(8,1),(8,3),(8,4),(8,6),(8,9),(9,1),(9,3),(9,4),(9,6),(9,9),(10,1),(11,1),(12,1),(13,1),(13,3),(13,4),(13,5),(13,6),(13,8),(13,9),(14,1),(14,3),(14,4),(14,5),(14,6),(14,8),(14,9),(14,10),(15,1),(7,1),(7,4),(7,6),(7,9),(7,10),(16,1),(17,1),(18,1),(18,4),(18,5),(18,6),(18,8),(18,9),(19,4),(19,8),(19,9),(20,1),(20,3),(20,4),(20,6),(20,9),(21,1),(21,4),(21,6),(21,9),(22,4),(22,5),(22,8),(23,1),(23,2),(23,4),(23,5),(23,6),(23,8),(23,9),(23,11),(24,8);
/*!40000 ALTER TABLE `local_esporte` ENABLE KEYS */;
UNLOCK TABLES;

--
-- Table structure for table `solicitacoes`
--

DROP TABLE IF EXISTS `solicitacoes`;
/*!40101 SET @saved_cs_client     = @@character_set_client */;
/*!50503 SET character_set_client = utf8mb4 */;
CREATE TABLE `solicitacoes` (
  `solicitacao_id` int unsigned NOT NULL AUTO_INCREMENT,
  `solicitacao_nome` varchar(100) NOT NULL,
  `solicitacao_foto` varchar(255) NOT NULL,
  `solicitacao_endereco` varchar(100) NOT NULL,
  `solicitacao_link` varchar(500) NOT NULL,
  `solicitacao_status` tinyint(1) NOT NULL DEFAULT '0',
  `usuario_id` int unsigned NOT NULL,
  PRIMARY KEY (`solicitacao_id`),
  KEY `usuario_id` (`usuario_id`),
  CONSTRAINT `solicitacoes_ibfk_1` FOREIGN KEY (`usuario_id`) REFERENCES `usuarios` (`usu_id`)
) ENGINE=InnoDB AUTO_INCREMENT=12 DEFAULT CHARSET=utf8mb4 COLLATE=utf8mb4_0900_ai_ci;
/*!40101 SET character_set_client = @saved_cs_client */;

--
-- Dumping data for table `solicitacoes`
--

LOCK TABLES `solicitacoes` WRITE;
/*!40000 ALTER TABLE `solicitacoes` DISABLE KEYS */;
/*!40000 ALTER TABLE `solicitacoes` ENABLE KEYS */;
UNLOCK TABLES;

--
-- Table structure for table `solicitacoes_esportes`
--

DROP TABLE IF EXISTS `solicitacoes_esportes`;
/*!40101 SET @saved_cs_client     = @@character_set_client */;
/*!50503 SET character_set_client = utf8mb4 */;
CREATE TABLE `solicitacoes_esportes` (
  `solicitacao_id` int unsigned NOT NULL,
  `esporte_id` int unsigned NOT NULL,
  KEY `solicitacao_id` (`solicitacao_id`),
  KEY `esporte_id` (`esporte_id`),
  CONSTRAINT `solicitacoes_esportes_ibfk_1` FOREIGN KEY (`solicitacao_id`) REFERENCES `solicitacoes` (`solicitacao_id`),
  CONSTRAINT `solicitacoes_esportes_ibfk_2` FOREIGN KEY (`esporte_id`) REFERENCES `esportes` (`esporte_id`)
) ENGINE=InnoDB DEFAULT CHARSET=utf8mb4 COLLATE=utf8mb4_0900_ai_ci;
/*!40101 SET character_set_client = @saved_cs_client */;

--
-- Dumping data for table `solicitacoes_esportes`
--

LOCK TABLES `solicitacoes_esportes` WRITE;
/*!40000 ALTER TABLE `solicitacoes_esportes` DISABLE KEYS */;
/*!40000 ALTER TABLE `solicitacoes_esportes` ENABLE KEYS */;
UNLOCK TABLES;

--
-- Table structure for table `usuarios`
--

DROP TABLE IF EXISTS `usuarios`;
/*!40101 SET @saved_cs_client     = @@character_set_client */;
/*!50503 SET character_set_client = utf8mb4 */;
CREATE TABLE `usuarios` (
  `usu_id` int unsigned NOT NULL AUTO_INCREMENT,
  `usu_email` varchar(55) NOT NULL,
  `usu_nome` varchar(30) NOT NULL,
  `usu_senha` varchar(72) NOT NULL,
  `usu_nasc` date DEFAULT NULL,
  `usu_foto` varchar(255) DEFAULT NULL,
  `usu_banner` varchar(255) DEFAULT NULL,
  `tipo` enum('c','o','a') NOT NULL DEFAULT 'c',
  `usu_status` tinyint(1) DEFAULT '0',
  PRIMARY KEY (`usu_id`),
  UNIQUE KEY `usu_email` (`usu_email`)
) ENGINE=InnoDB AUTO_INCREMENT=8 DEFAULT CHARSET=utf8mb4 COLLATE=utf8mb4_0900_ai_ci;
/*!40101 SET character_set_client = @saved_cs_client */;

--
-- Dumping data for table `usuarios`
--

LOCK TABLES `usuarios` WRITE;
/*!40000 ALTER TABLE `usuarios` DISABLE KEYS */;
INSERT INTO `usuarios` VALUES (1,'admin@sportagora.com','adminMaster','$2b$10$z9NiJXWfm3QtLjXK3LEdu.URx7bNH9usxjjnMfUOH5pY8ItveDXaS','1990-01-01','imagens/usuarios/default_user.jpg','imagens/usuarios/default_background.jpg','a',1),(2,'user@sportagora.com','Danilo','$2b$10$z9NiJXWfm3QtLjXK3LEdu.URx7bNH9usxjjnMfUOH5pY8ItveDXaS','1990-01-01','imagens/usuarios/default_user.jpg','imagens/usuarios/default_background.jpg','o',1),(3,'pedro.blz190@gmail.com','Pedro Vinicius','$2b$10$zjJdRBfUrWzUzp3OQQGl0uWH8uDfjq0RLR29xtWoQSrzV7YKaIxbC','2007-08-16','imagens/perfil/foto-1760466477351.png','imagens/perfil/banner-1760466477169.png','c',1),(4,'kaiquecerrifialho1@gmail.com','Kaique','$2b$10$g.ZnyyGuE2jwXr7vgaGG3OQjQ/JsoJymPyWeEOP2JI.2ecS3knMum','2007-01-01','imagens/usuarios/default_user.jpg','imagens/usuarios/default_background.jpg','o',0),(5,'yan.sccp.2004@gmail.com','Yan','$2b$10$7ZRKMKSeFfPRSlZh8Iyej.oYyM0Z25Q8q23WFofHnlLuzQQYNrBka','2007-04-20','imagens/usuarios/default_user.jpg','imagens/usuarios/default_background.jpg','o',1),(6,'kaiquecerrifialho2@gmail.com','Danilo','$2b$10$q3FKCUDOhlKa8j0MQWRcceNrVLpwL7uQlIo9dyYyLQyLM./Roa0bG','2007-01-01','imagens/usuarios/default_user.jpg','imagens/usuarios/default_background.jpg','c',1),(7,'gabrielctn_@outlook.com','GabrielLegalTop123','$2b$10$U4HN4tooYV406gLL5v4ItuiJUz2Rke9mxJh.hy5G0ioQxZ6YgbVn.','2007-07-30','imagens/usuarios/default_user.jpg','imagens/usuarios/default_background.jpg','c',0);
/*!40000 ALTER TABLE `usuarios` ENABLE KEYS */;
UNLOCK TABLES;
/*!40103 SET TIME_ZONE=@OLD_TIME_ZONE */;

/*!40101 SET SQL_MODE=@OLD_SQL_MODE */;
/*!40014 SET FOREIGN_KEY_CHECKS=@OLD_FOREIGN_KEY_CHECKS */;
/*!40014 SET UNIQUE_CHECKS=@OLD_UNIQUE_CHECKS */;
/*!40101 SET CHARACTER_SET_CLIENT=@OLD_CHARACTER_SET_CLIENT */;
/*!40101 SET CHARACTER_SET_RESULTS=@OLD_CHARACTER_SET_RESULTS */;
/*!40101 SET COLLATION_CONNECTION=@OLD_COLLATION_CONNECTION */;
/*!40111 SET SQL_NOTES=@OLD_SQL_NOTES */;

-- Dump completed on 2025-10-15 14:48:10
